lag_hours,acf,pair_count,station
0,1.0,6432,Prickly Bay
1,0.9909401307585293,6328,Prickly Bay
2,0.9755158053987761,6296,Prickly Bay
3,0.9596328178090202,6268,Prickly Bay
4,0.9447128219574558,6250,Prickly Bay
5,0.9322156763322647,6244,Prickly Bay
6,0.9235088700895183,6233,Prickly Bay
7,0.9196455468106135,6232,Prickly Bay
8,0.9189784271278016,6222,Prickly Bay
9,0.9201972127704353,6226,Prickly Bay
10,0.9229790085265186,6222,Prickly Bay
11,0.9268528963476116,6218,Prickly Bay
12,0.9295999825795814,6226,Prickly Bay
13,0.9279470252575421,6216,Prickly Bay
14,0.9223468345937316,6215,Prickly Bay
15,0.9162794785223937,6207,Prickly Bay
16,0.9113710746877879,6201,Prickly Bay
17,0.9077691194835598,6196,Prickly Bay
18,0.9063043578694023,6193,Prickly Bay
19,0.9082107411491142,6192,Prickly Bay
20,0.9132025047087307,6188,Prickly Bay
21,0.9200578266961391,6193,Prickly Bay
22,0.9280836480350267,6195,Prickly Bay
23,0.9368631712874605,6199,Prickly Bay
24,0.9436809098668981,6207,Prickly Bay
25,0.9432550552966129,6191,Prickly Bay
26,0.9355132249059875,6186,Prickly Bay
27,0.9243092444079212,6184,Prickly Bay
28,0.9126136798612982,6178,Prickly Bay
29,0.9015421833302883,6173,Prickly Bay
30,0.8924250860436197,6171,Prickly Bay
31,0.8864722707089323,6170,Prickly Bay
32,0.8838713393433943,6165,Prickly Bay
33,0.8836924876617199,6163,Prickly Bay
34,0.8847246237582822,6161,Prickly Bay
35,0.8876222514566984,6157,Prickly Bay
36,0.8917188459775481,6160,Prickly Bay
37,0.8946514875901175,6151,Prickly Bay
38,0.8943506535013431,6151,Prickly Bay
39,0.8918860273959841,6148,Prickly Bay
40,0.8893132438138939,6143,Prickly Bay
41,0.8868268944815907,6141,Prickly Bay
42,0.8849488980252459,6138,Prickly Bay
43,0.8847416160959589,6135,Prickly Bay
44,0.8867301127775601,6135,Prickly Bay
45,0.8910001866680896,6137,Prickly Bay
46,0.8971201196318022,6136,Prickly Bay
47,0.9044781656923485,6136,Prickly Bay
48,0.9115492574170769,6142,Prickly Bay
49,0.9145973150173635,6134,Prickly Bay
50,0.9119540264704963,6131,Prickly Bay
51,0.9040008475473751,6130,Prickly Bay
52,0.8937365592200986,6123,Prickly Bay
53,0.8826329355203821,6122,Prickly Bay
54,0.8717455361237781,6121,Prickly Bay
55,0.8633161278220569,6120,Prickly Bay
56,0.8580344978376383,6118,Prickly Bay
57,0.8553327174898712,6116,Prickly Bay
58,0.854911413252617,6114,Prickly Bay
59,0.8566827673583948,6107,Prickly Bay
60,0.8604121883582361,6110,Prickly Bay
61,0.8643109530585258,6105,Prickly Bay
62,0.866435026302773,6110,Prickly Bay
63,0.8659370202729028,6107,Prickly Bay
64,0.8635104551625901,6102,Prickly Bay
65,0.8608483669452907,6099,Prickly Bay
66,0.8579247379443935,6095,Prickly Bay
67,0.855758401071621,6091,Prickly Bay
68,0.8553244743656768,6088,Prickly Bay
69,0.8572834547112503,6088,Prickly Bay
70,0.8612553858317524,6088,Prickly Bay
71,0.8668157458728073,6088,Prickly Bay
72,0.8733938884088517,6098,Prickly Bay
73,0.8779679597816016,6086,Prickly Bay
74,0.8789840586254197,6086,Prickly Bay
75,0.875101397930296,6084,Prickly Bay
76,0.8669508632100998,6079,Prickly Bay
77,0.8564476263532261,6083,Prickly Bay
78,0.8451386446664366,6078,Prickly Bay
79,0.834950518312234,6076,Prickly Bay
80,0.8271848831088026,6076,Prickly Bay
81,0.8225953660660545,6072,Prickly Bay
82,0.8206587117376677,6073,Prickly Bay
83,0.8215265047050337,6065,Prickly Bay
84,0.824994413411782,6068,Prickly Bay
85,0.829585975946894,6058,Prickly Bay
86,0.8341348794167656,6061,Prickly Bay
87,0.8362862282320265,6059,Prickly Bay
88,0.8363110360230678,6055,Prickly Bay
89,0.834567802908068,6057,Prickly Bay
90,0.8321103906750026,6051,Prickly Bay
91,0.8288177039351845,6050,Prickly Bay
92,0.8260374357550596,6043,Prickly Bay
93,0.8250711290243137,6043,Prickly Bay
94,0.8257133691067987,6043,Prickly Bay
95,0.8282879008844106,6041,Prickly Bay
96,0.8322635017000503,6049,Prickly Bay
97,0.8360115403925589,6037,Prickly Bay
98,0.8384507449311486,6038,Prickly Bay
99,0.8376334831036025,6031,Prickly Bay
100,0.8330128149071211,6025,Prickly Bay
101,0.824870755169918,6024,Prickly Bay
102,0.814452988108843,6019,Prickly Bay
103,0.8036693156842499,6020,Prickly Bay
104,0.7945177909111673,6013,Prickly Bay
105,0.7882089739653512,6015,Prickly Bay
106,0.7850965216261191,6013,Prickly Bay
107,0.7847268407171587,6013,Prickly Bay
108,0.7870090412557611,6020,Prickly Bay
109,0.7915262281098042,6011,Prickly Bay
110,0.797320736950937,6012,Prickly Bay
111,0.8018250108283727,6009,Prickly Bay
112,0.8041702640951927,6006,Prickly Bay
113,0.8047639232165464,6006,Prickly Bay
114,0.8039771181883488,6003,Prickly Bay
115,0.8018051221356544,6000,Prickly Bay
116,0.7989891417277273,5998,Prickly Bay
117,0.7965594426610167,5999,Prickly Bay
118,0.7959262632973062,6001,Prickly Bay
119,0.7967503329325246,6004,Prickly Bay
120,0.7992051816520406,6009,Prickly Bay
121,0.8010581467769045,5997,Prickly Bay
122,0.802969824064132,5992,Prickly Bay
123,0.8038596688764299,5988,Prickly Bay
124,0.8021015965591552,5983,Prickly Bay
125,0.7968942143698612,5979,Prickly Bay
126,0.7888838020690432,5977,Prickly Bay
127,0.7792605060245679,5976,Prickly Bay
128,0.7695729702233602,5973,Prickly Bay
129,0.7609369260523277,5976,Prickly Bay
130,0.7553435136913988,5972,Prickly Bay
131,0.7528553279550741,5971,Prickly Bay
132,0.7536379399220255,5975,Prickly Bay
133,0.7557930271035614,5965,Prickly Bay
134,0.7603801179964611,5968,Prickly Bay
135,0.7658343855466214,5965,Prickly Bay
136,0.7692614289833871,5962,Prickly Bay
137,0.7713821734614336,5964,Prickly Bay
138,0.772992844560706,5961,Prickly Bay
139,0.7728046414905078,5955,Prickly Bay
140,0.7709710213612956,5952,Prickly Bay
141,0.7687887769765694,5954,Prickly Bay
142,0.7665895251011369,5960,Prickly Bay
143,0.7654006179758873,5965,Prickly Bay
144,0.7651567809225462,5971,Prickly Bay
145,0.7652752475505444,5961,Prickly Bay
146,0.7669924186199638,5957,Prickly Bay
147,0.7687024744984386,5952,Prickly Bay
148,0.7687108084683537,5945,Prickly Bay
149,0.7662363100080857,5942,Prickly Bay
150,0.761366934476122,5936,Prickly Bay
151,0.754714278222791,5932,Prickly Bay
152,0.7461228594598059,5930,Prickly Bay
153,0.7374697644557422,5932,Prickly Bay
154,0.7306704781597251,5923,Prickly Bay
155,0.7262708519087857,5920,Prickly Bay
156,0.7247234384798849,5920,Prickly Bay
157,0.7251100960053516,5915,Prickly Bay
158,0.7295033883077454,5916,Prickly Bay
159,0.735969268589473,5915,Prickly Bay
160,0.7415300040695624,5909,Prickly Bay
161,0.7457305658394016,5912,Prickly Bay
162,0.7490109164262799,5910,Prickly Bay
163,0.7506793461224067,5905,Prickly Bay
164,0.7497083222170825,5902,Prickly Bay
165,0.7472393778172866,5904,Prickly Bay
166,0.744708429558061,5906,Prickly Bay
167,0.7430788490521284,5903,Prickly Bay
168,0.7418105266984565,5907,Prickly Bay
0,1.0,8752,Xiamen
1,0.8284022201998137,8750,Xiamen
2,0.5727768688156675,8748,Xiamen
3,0.5270905781171566,8746,Xiamen
4,0.5613735004299525,8744,Xiamen
5,0.456049928975887,8742,Xiamen
6,0.3287159773067829,8740,Xiamen
7,0.3887844432400655,8738,Xiamen
8,0.5333035525152421,8736,Xiamen
9,0.5434794941264217,8734,Xiamen
10,0.4946608995165636,8732,Xiamen
11,0.5976307997194789,8730,Xiamen
12,0.7551961689551154,8728,Xiamen
13,0.7008942048063026,8726,Xiamen
14,0.5029537869509435,8724,Xiamen
15,0.4388693599894994,8722,Xiamen
16,0.4872353280305194,8720,Xiamen
17,0.4160127260621671,8718,Xiamen
18,0.2464085552985349,8716,Xiamen
19,0.217454689982063,8714,Xiamen
20,0.3386319508753994,8712,Xiamen
21,0.3813386867988823,8710,Xiamen
22,0.3217821003775911,8708,Xiamen
23,0.3937598685487045,8706,Xiamen
24,0.6149781604015939,8704,Xiamen
25,0.6766974339292937,8702,Xiamen
26,0.4776040875367763,8700,Xiamen
27,0.3094422879700741,8698,Xiamen
28,0.3261010340880734,8696,Xiamen
29,0.3266841791216233,8694,Xiamen
30,0.1900252089046109,8692,Xiamen
31,0.105707472280287,8690,Xiamen
32,0.2040506852283253,8688,Xiamen
33,0.3108360649052024,8686,Xiamen
34,0.2780733699113029,8684,Xiamen
35,0.2509053308836302,8682,Xiamen
36,0.3712295128872165,8680,Xiamen
37,0.4796793667269412,8678,Xiamen
38,0.3985774928965432,8676,Xiamen
39,0.2720928823720771,8674,Xiamen
40,0.2829479259519501,8672,Xiamen
41,0.3186017128096798,8670,Xiamen
42,0.2172902403770899,8668,Xiamen
43,0.0911904115204601,8666,Xiamen
44,0.1207603645274269,8664,Xiamen
45,0.2215322447258868,8662,Xiamen
46,0.2145602150741782,8660,Xiamen
47,0.1744547893803874,8658,Xiamen
48,0.2892366609382465,8656,Xiamen
49,0.4734296491260309,8654,Xiamen
50,0.4715182233533504,8652,Xiamen
51,0.3071996771484406,8650,Xiamen
52,0.2280940767967384,8648,Xiamen
53,0.2609007254013623,8646,Xiamen
54,0.2240749621479461,8644,Xiamen
55,0.1067058223617939,8642,Xiamen
56,0.0847513813786376,8640,Xiamen
57,0.1824671306023468,8638,Xiamen
58,0.2318476458073695,8636,Xiamen
59,0.1910613570134883,8634,Xiamen
60,0.2089080938383374,8632,Xiamen
61,0.3225442909909881,8630,Xiamen
62,0.3664314496532605,8628,Xiamen
63,0.2784680221399436,8626,Xiamen
64,0.2160524294985178,8624,Xiamen
65,0.2488102950168489,8622,Xiamen
66,0.2444025975117746,8620,Xiamen
67,0.1424276092805259,8618,Xiamen
68,0.0761588501952437,8616,Xiamen
69,0.1242032363949896,8614,Xiamen
70,0.1714941267696149,8612,Xiamen
71,0.1400878133859577,8610,Xiamen
72,0.1444540709356735,8608,Xiamen
73,0.2672697434830445,8606,Xiamen
74,0.3716955382016375,8604,Xiamen
75,0.319277785956196,8602,Xiamen
76,0.2105867506533056,8600,Xiamen
77,0.1879268759056976,8598,Xiamen
78,0.1962221271511161,8596,Xiamen
79,0.1326543887377964,8594,Xiamen
80,0.0580729717706011,8592,Xiamen
81,0.0762860768775576,8590,Xiamen
82,0.1387421254051541,8588,Xiamen
83,0.1440457290591633,8586,Xiamen
84,0.1271744879170223,8584,Xiamen
85,0.1748730780604042,8582,Xiamen
86,0.2427780903229546,8580,Xiamen
87,0.2304508159400686,8578,Xiamen
88,0.1709363510408349,8576,Xiamen
89,0.1620731285764886,8574,Xiamen
90,0.1772949171157798,8572,Xiamen
91,0.1324413703603749,8570,Xiamen
92,0.058475059653006,8568,Xiamen
93,0.0471987243349686,8566,Xiamen
94,0.0843855384607191,8564,Xiamen
95,0.0872229708351979,8562,Xiamen
96,0.0718691171570024,8560,Xiamen
97,0.1218427485507835,8558,Xiamen
98,0.2154085962497682,8556,Xiamen
99,0.2421995860333517,8554,Xiamen
100,0.1878401590504442,8552,Xiamen
101,0.145045296501397,8550,Xiamen
102,0.1370121456219856,8548,Xiamen
103,0.1024631195255952,8546,Xiamen
104,0.04162455421931,8544,Xiamen
105,0.0233979558491898,8542,Xiamen
106,0.0555853019093027,8540,Xiamen
107,0.0745857077785411,8538,Xiamen
108,0.071894660487401,8536,Xiamen
109,0.1010909759333371,8534,Xiamen
110,0.1553004033818092,8532,Xiamen
111,0.1677746655358012,8530,Xiamen
112,0.1368104322219327,8528,Xiamen
113,0.126710011860877,8526,Xiamen
114,0.1371818140154019,8524,Xiamen
115,0.1066869828469217,8522,Xiamen
116,0.0439053698625434,8520,Xiamen
117,0.021367140140167,8518,Xiamen
118,0.0449397319486316,8516,Xiamen
119,0.0509162465304171,8514,Xiamen
120,0.0351372625539888,8512,Xiamen
121,0.0663414261901729,8510,Xiamen
122,0.1457984243701989,8508,Xiamen
123,0.1865288839296921,8506,Xiamen
124,0.161516059743326,8504,Xiamen
125,0.1385486478278479,8502,Xiamen
126,0.1396545981851988,8500,Xiamen
127,0.1057599778400908,8498,Xiamen
128,0.0351574357342047,8496,Xiamen
129,0.0049956167655711,8494,Xiamen
130,0.0324627164840634,8492,Xiamen
131,0.047644316542241,8490,Xiamen
132,0.0319385881690878,8488,Xiamen
133,0.0537829506361885,8486,Xiamen
134,0.1242949119847374,8484,Xiamen
135,0.1554527718542149,8482,Xiamen
136,0.1190434246026455,8480,Xiamen
137,0.1012235930695613,8478,Xiamen
138,0.1319312300200784,8476,Xiamen
139,0.1216427745534265,8474,Xiamen
140,0.0406434952349693,8472,Xiamen
141,-0.0108086711648877,8470,Xiamen
142,0.0182072431791274,8468,Xiamen
143,0.0429126428941466,8466,Xiamen
144,0.0103752423151145,8464,Xiamen
145,0.0047423892112186,8462,Xiamen
146,0.0861692285245314,8460,Xiamen
147,0.1618856243924833,8458,Xiamen
148,0.1439703838877646,8456,Xiamen
149,0.1038876574721539,8454,Xiamen
150,0.1229166364544778,8452,Xiamen
151,0.1295512110744131,8450,Xiamen
152,0.0498722997844701,8448,Xiamen
153,-0.0297503308253632,8446,Xiamen
154,-0.013387684013937,8444,Xiamen
155,0.0308707610111539,8442,Xiamen
156,0.0080955787424277,8440,Xiamen
157,-0.0188636950860196,8438,Xiamen
158,0.0484213965513367,8436,Xiamen
159,0.1411019849755496,8434,Xiamen
160,0.1339977662281954,8432,Xiamen
161,0.0774737983653534,8430,Xiamen
162,0.097984333560036,8428,Xiamen
163,0.1462586201139101,8426,Xiamen
164,0.0900260633869721,8424,Xiamen
165,-0.0210610862186318,8422,Xiamen
166,-0.035593427269162,8420,Xiamen
167,0.0255953445458498,8418,Xiamen
168,0.0223057194400902,8416,Xiamen
