station,lead_hours,n,rmse_cm,rrmse_percent,pearson_r,r2
Prickly Bay,1,4059,1.0022527869491031,16.76444631815553,0.990935318632837,0.9818759234379392
Prickly Bay,3,4059,2.097662641056661,35.001093108819305,0.960365520765848,0.9208854854754897
Prickly Bay,6,4059,2.830722550983978,47.03603482671544,0.9279546033272578,0.8564217599351962
Prickly Bay,12,4059,2.690355721024864,44.673545648608666,0.9347976248127292,0.8698571304620569
Prickly Bay,24,4059,2.4297831129660605,40.27936234338528,0.9468771510518126,0.8940330979518019
Prickly Bay,48,4059,3.064762515889515,50.39495999520146,0.9162606252394496,0.834210029939298
Prickly Bay,72,4059,3.6790427715639367,60.09566916445357,0.8802352920082183,0.7644619867209542
Xiamen,1,8681,12.043686350516367,75.015786846861,0.8290754275894474,0.6580164551582439
Xiamen,3,8681,20.001881521364187,124.62417167783444,0.5284186276265888,0.0561852414532518
Xiamen,6,8681,23.85652890325151,148.71457672404952,0.3289241732667783,-0.343521065492308
Xiamen,12,8681,14.347924789874517,89.4875324652405,0.7571710605390121,0.5136552122696288
Xiamen,24,8681,18.060137040318125,112.70419494029304,0.615094097438698,0.2287660952770897
Xiamen,48,8681,24.513133890146708,153.2217907589757,0.2895764474418442,-0.4261386558749591
Xiamen,72,8681,26.86931885499337,168.50170748076837,0.143784872957299,-0.7242327335242491
