station,lead_hours,model,rmse_cm,persistence_rmse_cm,skill_rmse_vs_persistence
Prickly Bay,1,Ridge,0.8202953886877227,1.0022527869491031,0.18154840837635977
Prickly Bay,1,Fusion CNN,0.8602374851571146,1.0022527869491031,0.14169609068814737
Prickly Bay,1,CNN-GRU,0.8791370909566842,1.0022527869491031,0.12283896597303356
Prickly Bay,1,Rollout-6,0.8734895479552819,1.0022527869491031,0.1284738148604022
Prickly Bay,3,Ridge,1.521409411508288,2.097662641056661,0.2747120620206571
Prickly Bay,3,Fusion CNN,1.693966457057399,2.097662641056661,0.19245048088185768
Prickly Bay,3,CNN-GRU,1.7577895989068526,2.097662641056661,0.1620246437618792
Prickly Bay,3,Rollout-6,1.7028172959512144,2.097662641056661,0.18823109940431126
Prickly Bay,6,Ridge,1.8713788200649448,2.830722550983978,0.3389041891744421
Prickly Bay,6,Fusion CNN,2.2047342333697713,2.830722550983978,0.2211408240615489
Prickly Bay,6,CNN-GRU,2.216933267166607,2.830722550983978,0.21683131171015468
Prickly Bay,6,Rollout-6,2.122438878397539,2.830722550983978,0.25021303212504353
Prickly Bay,12,Ridge,2.002860869323502,2.690355721024864,0.2555405020714018
Prickly Bay,12,Fusion CNN,2.4075453360482992,2.690355721024864,0.10512007121081779
Prickly Bay,12,CNN-GRU,2.368732322331296,2.690355721024864,0.11954679308022842
Prickly Bay,12,Rollout-6,2.2939846543825606,2.690355721024864,0.1473303561847613
Prickly Bay,24,Ridge,2.184995499522342,2.4297831129660605,0.10074463524643729
Prickly Bay,24,Fusion CNN,2.6221317893585763,2.4297831129660605,-0.07916289950575628
Prickly Bay,24,CNN-GRU,2.599908138262735,2.4297831129660605,-0.07001654772758759
Prickly Bay,24,Rollout-6,2.4584208867630015,2.4297831129660605,-0.011786144057105874
Prickly Bay,48,Ridge,2.582902417957963,3.064762515889515,0.15722591732093705
Prickly Bay,48,Fusion CNN,3.496627901718838,3.064762515889515,-0.14091316491580708
Prickly Bay,48,CNN-GRU,3.4227856558179224,3.064762515889515,-0.1168192113001274
Prickly Bay,48,Rollout-6,3.112657710443685,3.064762515889515,-0.01562770175693995
Prickly Bay,72,Ridge,2.997143235968645,3.6790427715639367,0.18534699864481885
Prickly Bay,72,Fusion CNN,4.205041804662554,3.6790427715639367,-0.14297170915330737
Prickly Bay,72,CNN-GRU,4.169983977067955,3.6790427715639367,-0.13344264690223273
Prickly Bay,72,Rollout-6,3.700965990899024,3.6790427715639367,-0.005958946578315416
Xiamen,1,Ridge,4.71480381836952,12.043686350516367,0.6085248584900773
Xiamen,1,Surge-MLP,4.297807259168393,12.043686350516367,0.6431485232937733
Xiamen,1,Fusion CNN,3.9244514585864847,12.043686350516367,0.6741486498095141
Xiamen,1,CNN-GRU,3.4842312794620836,12.043686350516367,0.7107005963076497
Xiamen,1,Rollout-6,3.461351059510587,12.043686350516367,0.7126003651396831
Xiamen,3,Ridge,8.873172280073076,20.001881521364187,0.5563831197282334
Xiamen,3,Surge-MLP,8.90713164916899,20.001881521364187,0.5546853109966078
Xiamen,3,Fusion CNN,7.269828797048297,20.001881521364187,0.6365427527763661
Xiamen,3,CNN-GRU,6.407251140439795,20.001881521364187,0.6796675785927362
Xiamen,3,Rollout-6,6.0789287081538195,20.001881521364187,0.6960821559881323
Xiamen,6,Ridge,8.981104572194424,23.85652890325151,0.6235368268109469
Xiamen,6,Surge-MLP,10.144443188583203,23.85652890325151,0.5747728753951054
Xiamen,6,Fusion CNN,7.426673322924256,23.85652890325151,0.6886943044798088
Xiamen,6,CNN-GRU,6.788572164226899,23.85652890325151,0.7154417479693932
Xiamen,6,Rollout-6,6.361685388793841,23.85652890325151,0.7333356661149988
Xiamen,12,Ridge,9.351681794852972,14.347924789874517,0.3482206011107227
Xiamen,12,Surge-MLP,11.809803994718216,14.347924789874517,0.17689811121309196
Xiamen,12,Fusion CNN,7.670444092799403,14.347924789874517,0.465396968193441
Xiamen,12,CNN-GRU,7.108458121668305,14.347924789874517,0.5045654179421947
Xiamen,12,Rollout-6,6.565966728190385,14.347924789874517,0.5423751640499219
Xiamen,24,Ridge,10.527096098769556,18.060137040318125,0.41710873648032276
Xiamen,24,Surge-MLP,15.439347838727729,18.060137040318125,0.14511458001341015
Xiamen,24,Fusion CNN,8.718190803448476,18.060137040318125,0.5172688455250556
Xiamen,24,CNN-GRU,7.931502741505347,18.060137040318125,0.5608282083464393
Xiamen,24,Rollout-6,7.105879866815417,18.060137040318125,0.6065434137652452
Xiamen,48,Ridge,12.86983125517396,24.513133890146708,0.47498221513214545
Xiamen,48,Surge-MLP,18.598589137321785,24.513133890146708,0.2412806448710474
Xiamen,48,Fusion CNN,11.60644754646931,24.513133890146708,0.5265212682114613
Xiamen,48,CNN-GRU,10.118072390949806,24.513133890146708,0.5872387253179054
Xiamen,48,Rollout-6,8.669759144534888,24.513133890146708,0.6463218785738456
Xiamen,72,Ridge,14.509954886320868,26.86931885499337,0.45998054641328023
Xiamen,72,Surge-MLP,20.66067001076567,26.86931885499337,0.23106833774738167
Xiamen,72,Fusion CNN,13.723174839464145,26.86931885499337,0.4892622729469064
Xiamen,72,CNN-GRU,12.13906448969209,26.86931885499337,0.5482183766844473
Xiamen,72,Rollout-6,10.003045100207755,26.86931885499337,0.6277149728211737
