station,lead_hours,model,rmse_cm,rrmse_percent,pearson_r,skill_score_vs_persistence,rmse_reduction_vs_persistence_percent
Prickly Bay,1,Persistence,1.0022527869491031,16.76444631815553,0.990935318632837,0.0,0.0
Prickly Bay,1,Ridge,0.8202953886877227,13.720887771783472,0.9939133063947976,0.33013699216873005,18.154840837635977
Prickly Bay,1,Fusion CNN,0.8602374851571146,14.388989812321586,0.993506269163414,0.263314399259991,14.169609068814736
Prickly Bay,1,CNN-GRU,0.8791370909566842,14.705119067322878,0.9931652094693224,0.23058852038474298,12.283896597303357
Prickly Bay,1,Rollout-6,0.8734895479552819,14.610653945639664,0.9931886637948132,0.24044210861601956,12.847381486040222
Xiamen,1,Persistence,12.043686350516367,75.015786846861,0.8290754275894474,0.0,0.0
Xiamen,1,Ridge,4.71480381836952,29.36681577135312,0.9735395340302136,0.846747213579786,60.852485849007735
Xiamen,1,Fusion CNN,3.9244514585864847,24.44399542965136,0.9817265492350258,0.8938208975790373,67.4148649809514
Xiamen,1,CNN-GRU,3.484231279462084,21.702022402309343,0.9857765040884024,0.9163058550232505,71.07005963076496
Xiamen,1,Rollout-6,3.461351059510587,21.559509748547224,0.985848495969461,0.9174014498821565,71.2600365139683
Prickly Bay,24,Persistence,2.4297831129660605,40.27936234338528,0.9468771510518126,0.0,0.0
Prickly Bay,24,Ridge,2.184995499522342,36.22143267614185,0.956404958510279,0.19133978896193693,10.074463524643729
Prickly Bay,24,Fusion CNN,2.6221317893585763,43.46799345673063,0.9454215842980984,-0.164592563669671,-7.916289950575628
Prickly Bay,24,CNN-GRU,2.599908138262735,43.09958423933772,0.946815379949228,-0.14493541241086483,-7.001654772758759
Prickly Bay,24,Rollout-6,2.458420886763001,40.75410071049279,0.9464679997009332,-0.023711201305946172,-1.1786144057105652
Xiamen,24,Persistence,18.060137040318125,112.70419494029304,0.615094097438698,0.0,0.0
Xiamen,24,Ridge,10.527096098769556,65.69429059271542,0.8626243351782127,0.6602377749124342,41.710873648032276
Xiamen,24,Fusion CNN,8.718190803448476,54.40582613769686,0.910814872153138,0.7669706324992873,51.72688455250556
Xiamen,24,CNN-GRU,7.931502741505347,49.49650321880068,0.9287184103268008,0.8071281374158015,56.08282083464393
Xiamen,24,Rollout-6,7.105879866815417,44.34420779554402,0.9394920637310004,0.845191914748493,60.65434137652452
Prickly Bay,72,Persistence,3.6790427715639367,60.09566916445357,0.8802352920082183,0.0,0.0
Prickly Bay,72,Ridge,2.997143235968645,48.95711725327011,0.9202767369999032,0.33634048738299527,18.534699864481887
Prickly Bay,72,Fusion CNN,4.205041804662554,68.68764969760723,0.8803747855369026,-0.3063843279248326,-14.297170915330737
Prickly Bay,72,CNN-GRU,4.169983977067955,68.11499432511916,0.8879317222950763,-0.28469223381673947,-13.344264690223273
Prickly Bay,72,Rollout-6,3.700965990899024,60.45377604659268,0.8794714693357271,-0.011953402200953978,-0.5958946578315416
Xiamen,72,Persistence,26.86931885499337,168.50170748076837,0.143784872957299,0.0,0.0
Xiamen,72,Ridge,14.509954886320868,90.99420000219384,0.7288848807650969,0.7083789897479006,45.998054641328025
Xiamen,72,Fusion CNN,13.723174839464145,86.06017908329288,0.7776932614094423,0.7391469741646397,48.92622729469064
Xiamen,72,CNN-GRU,12.13906448969209,76.12597493710393,0.844104403477875,0.7958933648343641,54.82183766844473
Xiamen,72,Rollout-6,10.003045100207755,62.73066274915649,0.8803767765496764,0.8614038585384607,62.77149728211737
