lead_hours,model,n,pearson_r,r2,rmse_cm,mae_cm,bias_cm,rrmse_percent,skill_vs_combined_ridge,top5_n,top5_threshold_cm,top5_rmse_cm,rapid_rise_n,rapid_rise_threshold_cm_per_hour,rapid_rise_rmse_cm
1,persistence,3848,0.9909591044298677,0.9819287409802797,1.0064803019003226,0.7967191302861518,0.0007184163013544793,16.720075605796076,-0.49140955461357705,193,14.696653187274933,1.021122294338496,191,1.7005908285500482,2.197586798899092
1,combined_ridge,3848,0.9939272647959246,0.9878830996909549,0.8241510980720734,0.6479292381251022,-0.012753551993280973,13.691145911497058,0.0,193,14.696653187274933,0.9244366467486606,191,1.7005908285500482,1.614381071633288
1,xgboost,3848,0.9922399789743673,0.984350728242091,0.9366085983094833,0.7360552437125091,-0.04913262188331406,15.559337373225773,-0.2915245387965568,193,14.696653187274933,1.412659145808397,191,1.7005908285500482,1.9236065402797513
1,mlp,3848,0.9795582534419163,0.9581814131192684,1.5310724814292687,1.2038223358690165,0.010010440304854559,25.434822320036282,-2.4512612856482834,193,14.696653187274933,2.3485685881015463,191,1.7005908285500482,2.046288423791892
1,gru,3848,0.9648765493499841,0.9232653104886823,2.073991367026748,1.65767594942021,-0.045082533515388885,34.45402001110388,-5.332865176814158,193,14.696653187274933,3.639849640633378,191,1.7005908285500482,2.5241522928736946
1,dual_cnn_past,3848,0.9890383094235069,0.9762982399286396,1.1526603996847786,0.9106165422155996,0.19359720754210247,19.14848109212702,-0.9560911248043293,193,14.696653187274933,1.5970132963015669,191,1.7005908285500482,1.7585198321592093
1,dual_cnn_future,3848,0.9896932884348092,0.9784161459981064,1.0999566547633752,0.8714229655855427,0.11727301449173333,18.272944235488442,-0.7813017764917012,193,14.696653187274933,1.467513505828109,191,1.7005908285500482,1.838999026230567
2,persistence,3848,0.9757488619284727,0.951549369914547,1.6488166676367189,1.324832364875808,0.0012321275680203944,27.376192221322633,-0.7359249419439629,193,14.696653187274933,1.6526559455779077,191,1.700739562511444,3.1165120551441476
2,combined_ridge,3848,0.9859635423576731,0.9720894434093719,1.2514309827926913,0.9914926664658994,-0.027208606585009343,20.778183414264063,0.0,193,14.696653187274933,1.492886043749575,191,1.700739562511444,2.1319031348584074
2,xgboost,3848,0.9826025348294289,0.9643120869742546,1.4150872901042544,1.12125212360889,-0.13026122573167653,23.49545733266451,-0.27865290295052536,193,14.696653187274933,2.355548746127451,191,1.700739562511444,2.4387354629757723
2,mlp,3848,0.9740622420716181,0.947244121488288,1.7205134977975534,1.3571432489382285,0.009152886402853918,28.56661335344026,-0.8901767103858609,193,14.696653187274933,2.6612024879908547,191,1.700739562511444,2.252813456537559
2,gru,3848,0.9612077600549312,0.9157808317344328,2.173842766163922,1.742979165890748,-0.05350136171404748,36.09348364408172,-2.0174664300815013,193,14.696653187274933,3.7979539190367686,191,1.700739562511444,2.5954906788801315
2,dual_cnn_past,3848,0.9817864453893279,0.9621426491453289,1.4574637586776675,1.1544749757286088,0.2754556844343435,24.199056690978495,-0.3563810906804079,193,14.696653187274933,1.8009624150832273,191,1.700739562511444,2.0832179687086163
2,dual_cnn_future,3848,0.9819089008734725,0.9632860332178406,1.435285540586912,1.140988721821819,0.19470234135161243,23.83081977689563,-0.31541506721417245,193,14.696653187274933,1.7353806822004523,191,1.700739562511444,2.1312332596384853
3,persistence,3848,0.9601832109664753,0.9204993684247204,2.1133725515716524,1.6997448819235166,0.001208271778390981,35.06506751060234,-1.0021276025312833,193,14.696653187274933,2.0305337186578223,190,1.7000702596851627,3.427648908400405
3,combined_ridge,3848,0.9799825245150794,0.9602919253737715,1.49358584067037,1.1866134090004326,-0.03887315833954081,24.78156929644906,0.0,193,14.696653187274933,1.7483521620706355,190,1.7000702596851627,2.126004368441332
3,xgboost,3848,0.9749836498782687,0.9481892192718673,1.7060856944764209,1.3511818206822006,-0.19685296516464118,28.307365878864676,-0.30479217421135174,193,14.696653187274933,3.0276044677780805,190,1.7000702596851627,2.5096763092350387
3,mlp,3848,0.969458536027484,0.9377644689389814,1.8698637961598095,1.4800828924544362,0.017604065344693973,31.024771377490794,-0.5673268196706169,193,14.696653187274933,2.931393627675161,190,1.7000702596851627,2.324259203187827
3,gru,3848,0.9584937019166312,0.9085361493166446,2.2668120564513847,1.8186901336514982,-0.11974237778075295,37.61093505932203,-1.3034068450797331,193,14.696653187274933,4.082034361219738,190,1.7000702596851627,2.66684744107051
3,dual_cnn_past,3848,0.9754253437674126,0.9496134813416469,1.6824724035107061,1.3324286100804463,0.27985203433500655,27.915574265386724,-0.26892378054408717,193,14.696653187274933,2.110113949309276,190,1.7000702596851627,2.2012072431270586
3,dual_cnn_future,3848,0.9755062394138714,0.9509812936457847,1.6594787515088065,1.3194933863992835,0.14737343364455557,27.534063698703953,-0.23447705015762965,193,14.696653187274933,2.0865014968642397,190,1.7000702596851627,2.216238553614404
4,persistence,3848,0.9459044525626302,0.892069890320177,2.4643071272832997,1.9828490269082788,0.0037087202141121447,40.843753632654725,-1.2049659570434539,193,14.696653187274933,2.3642197172628023,190,1.7004420945886525,3.593813283315062
4,combined_ridge,3848,0.9752746164494109,0.951051352873983,1.6595634843477307,1.3172632957480015,-0.04509946961444179,27.505825609965207,0.0,193,14.696653187274933,1.983840069323921,190,1.7004420945886525,2.19097183230983
4,xgboost,3848,0.9691347033322455,0.9356966649544537,1.9021303399633496,1.4995221162189598,-0.23560455281752518,31.526160892253706,-0.31368964232043917,193,14.696653187274933,3.5559568575276943,190,1.7004420945886525,2.4927067504827853
4,mlp,3848,0.9659135604179498,0.9308866052424328,1.971989674631174,1.5581813700177947,0.036264720377454186,32.68401878363567,-0.4119571294714437,193,14.696653187274933,3.04450201688304,190,1.7004420945886525,2.322793909267776
4,gru,3848,0.9569021900667656,0.9043364288827419,2.320047189205942,1.8685376420654844,-0.08536917805405794,38.452770258602165,-0.9543659216008638,193,14.696653187274933,4.207502112878851,190,1.7004420945886525,2.6355177900363675
4,dual_cnn_past,3848,0.9705951509988706,0.940165745537682,1.8348411265463944,1.456920848853989,0.24469787306575985,30.410900531842756,-0.22238830432567624,193,14.696653187274933,2.396901657503314,190,1.7004420945886525,2.244278623755023
4,dual_cnn_future,3848,0.970894399236208,0.9420128806383444,1.8062975434181439,1.4349816554123225,0.1434026449645059,29.9378153939652,-0.18465198472692768,193,14.696653187274933,2.3192267254078494,190,1.7004420945886525,2.2108156182728185
5,persistence,3848,0.9342088283776201,0.8688459528313128,2.7189153872136003,2.1927082509632507,0.006862629101279612,45.001520606654715,-1.3635934407142916,193,14.707288146018982,2.655879886017831,190,1.7004420945886525,3.607166180127067
5,combined_ridge,3848,0.9719381584859743,0.9445107340454918,1.7685173877495086,1.403787265932282,-0.05116638077100989,29.271220444119077,0.0,193,14.707288146018982,2.1758304126125925,190,1.7004420945886525,2.2008400297054744
5,xgboost,3848,0.9653181281044727,0.9269794709028597,2.028744390185176,1.5848814026216882,-0.2767471960118552,33.57830953839131,-0.31593975956531484,193,14.707288146018982,3.977769603411252,190,1.7004420945886525,2.504345472552016
5,mlp,3848,0.9630019120255698,0.9252608492706118,2.0524799508172045,1.625214886822172,-0.005975924869062037,33.97116336750123,-0.34691197237882054,193,14.707288146018982,3.167242813487558,190,1.7004420945886525,2.3614952332934895
5,gru,3848,0.956656429541393,0.9052301352136756,2.311213016290116,1.8629796878975378,-0.10902541305053216,38.25352589789043,-0.7078952696943461,193,14.707288146018982,4.117075121000298,190,1.7004420945886525,2.573422057843238
5,dual_cnn_past,3848,0.9675884674708738,0.9343926068025347,1.9230086389184522,1.529885992907276,0.17187426202797426,31.82824787341028,-0.1823438734118603,193,14.707288146018982,2.653315045084769,190,1.7004420945886525,2.257533929311819
5,dual_cnn_future,3848,0.9676583842766118,0.9359249743644111,1.9004184519503002,1.5101424583063172,0.14039258253480488,31.454351440613486,-0.15472837014643592,193,14.707288146018982,2.4110914980698213,190,1.7004420945886525,2.2106482578759037
6,persistence,3848,0.9265062430805231,0.8535512250772863,2.874306926699282,2.3274853527852395,0.009046592874223876,47.52123062551513,-1.4739280352960402,193,14.71366435289383,2.8875499961137994,190,1.6907532047480345,3.398297218266347
6,combined_ridge,3848,0.9700490972855811,0.9408031467848581,1.8274250780464645,1.4506883116189258,-0.05725766289622682,30.213018581290026,0.0,193,14.71366435289383,2.2655515881539694,190,1.6907532047480345,2.1522779136883483
6,xgboost,3848,0.9639386383067358,0.9238272369263957,2.072956194090877,1.6237341880947957,-0.31568505855243995,34.2724113632173,-0.2867703905441472,193,14.71366435289383,4.016543028998345,190,1.6907532047480345,2.4422355580848145
6,mlp,3848,0.96082103343085,0.9204720767228797,2.1181177070628845,1.6810758602593434,-0.0684623774540192,35.0190715940384,-0.3434484231167274,193,14.71366435289383,3.325545883599441,190,1.6907532047480345,2.384154772259647
6,gru,3848,0.956288854831896,0.9038367260273865,2.3291362270592035,1.8754223848580545,-0.06508711375679095,38.50786385273969,-0.6244658205784628,193,14.71366435289383,4.117445463818889,190,1.6907532047480345,2.5318475014922077
6,dual_cnn_past,3848,0.966118193285671,0.9311553005143455,1.9707227232649527,1.5694507410502818,0.07640666107062714,32.58217421434587,-0.1629789857835393,193,14.71366435289383,2.8676502188517516,190,1.6907532047480345,2.275496186385841
6,dual_cnn_future,3848,0.9654090022070403,0.931852983338339,1.9607114905133995,1.5518720551333072,0.09354162364884558,32.416657408881186,-0.1511930715180565,193,14.71366435289383,2.487697454802044,190,1.6907532047480345,2.2321743022708462
7,persistence,3848,0.9234175585119748,0.8474334898152929,2.9344804717366477,2.3847240658032587,0.01124831383992865,48.47653542433783,-1.510458258009677,193,14.71366435289383,3.084778293460396,191,1.6886373981833458,3.1972815507657293
7,combined_ridge,3848,0.9692559445122785,0.939227624814526,1.8520585954288733,1.4682889599035338,-0.06085298336587047,30.595325126196478,0.0,193,14.71366435289383,2.3249533423817184,191,1.6886373981833458,2.1045863285877906
7,xgboost,3848,0.9633298194568746,0.9225008357540483,2.0914627170507663,1.6343710523365105,-0.30521328769647194,34.550192944985525,-0.2752367551273116,193,14.71366435289383,4.0321562149405175,191,1.6886373981833458,2.414872146579469
7,mlp,3848,0.9593525713553849,0.9168153988925333,2.1668212536817,1.7228304587059826,-0.11247313722702083,35.7950881847735,-0.36878971196369603,193,14.71366435289383,3.4759401721092957,191,1.6886373981833458,2.442550245292148
7,gru,3848,0.9567782924989959,0.905814402913445,2.305652567615693,1.853456952552858,-0.11072696011135817,38.08853030263693,-0.5498094911794746,193,14.71366435289383,4.123084264748034,191,1.6886373981833458,2.5322743471621565
7,dual_cnn_past,3848,0.9656539862527453,0.930891679942761,1.9749985701854644,1.5673778981837507,0.02830400206603334,32.62624818012571,-0.13716660532168956,193,14.71366435289383,2.858222446156689,191,1.6886373981833458,2.3072594741587475
7,dual_cnn_future,3848,0.96430707152108,0.9292068810562235,1.9989279514502107,1.582549280509797,0.14013091708317638,33.02155273564604,-0.16488986837217579,193,14.71366435289383,2.3599880550477534,191,1.6886373981833458,2.2976917165716375
8,persistence,3848,0.923489463483189,0.8476312763570497,2.93370323774795,2.379212172919417,0.012869002800136529,48.42370624182348,-1.4601542407898025,193,14.707288146018982,3.2145537188346793,191,1.6884529590606692,3.0435107267053234
8,combined_ridge,3848,0.9686981513283468,0.938065380057848,1.870402196461689,1.4874946279712564,-0.0669964494498462,30.87285903704748,0.0,193,14.707288146018982,2.380748018191048,191,1.6884529590606692,2.0590094726687758
8,xgboost,3848,0.9620689869112544,0.9196670218054164,2.130174587377191,1.665328052574812,-0.3411037358335481,35.16066217458798,-0.2970610193016454,193,14.707288146018982,4.158845961973474,191,1.6884529590606692,2.4511632594259956
8,mlp,3848,0.9583085567800746,0.9133065698477467,2.2128978088107805,1.7632286741153433,-0.11337497886120833,36.52609168447681,-0.3997572132634899,193,14.707288146018982,3.628472961173739,191,1.6884529590606692,2.4758470722206702
8,gru,3848,0.9570743623156958,0.9069114138013373,2.293065617805088,1.84305641561004,-0.09767433947523167,37.8493415561206,-0.5030136203159521,193,14.707288146018982,4.048495945371544,191,1.6884529590606692,2.517309534776505
8,dual_cnn_past,3848,0.9652221793084265,0.929695137449243,1.9927873015230062,1.575632379907747,-0.03983169602892107,32.892947606201204,-0.13514645820372762,193,14.707288146018982,2.949643789741828,191,1.6884529590606692,2.3780783471726816
8,dual_cnn_future,3848,0.96320803440697,0.9267789587448522,2.0336968485733227,1.6102048841334589,0.10870287660150088,33.56820059817435,-0.18223122874347375,193,14.707288146018982,2.392271561634639,191,1.6884529590606692,2.3488689007559658
9,persistence,3848,0.9252557773768103,0.8511769086067212,2.8999757255096905,2.3449053023229043,0.014320638858214753,47.83808027259867,-1.353790784278539,193,14.689069986343384,3.3131493586829723,191,1.6907395794987679,3.036424119934348
9,combined_ridge,3848,0.9680509002114155,0.9367730201586425,1.8902115846536673,1.5039012059600445,-0.07183534040495848,31.180982903905313,0.0,193,14.689069986343384,2.394050003260248,191,1.6907395794987679,2.0525640525531053
9,xgboost,3848,0.9617572528846065,0.9187685868643327,2.1425018522845938,1.6790591685850451,-0.338172184591015,35.3427701798324,-0.28475852553083403,193,14.689069986343384,4.1698198298002875,191,1.6907395794987679,2.426383894120542
9,mlp,3848,0.9571352120521068,0.910372427651907,2.250505188166172,1.7947175734245884,-0.12091584415650908,37.12439621420319,-0.41755260157484386,193,14.689069986343384,3.7307241893244285,191,1.6907395794987679,2.4793641053717193
9,gru,3848,0.9569090556364523,0.9064604899124781,2.299094101938598,1.843230193039716,-0.1465831535728258,37.925920287993556,-0.4794240424567775,193,14.689069986343384,4.153743639006525,191,1.6907395794987679,2.5586199638724914
9,dual_cnn_past,3848,0.964230660734882,0.9274836939216632,2.0243100839334423,1.6047328521615596,-0.09342616522189928,33.39307547990555,-0.14692013312381458,193,14.689069986343384,3.056282813748987,191,1.6907395794987679,2.4509611012758286
9,dual_cnn_future,3848,0.9619917685909792,0.923546686245671,2.0785350810404335,1.6505208252354788,0.1481659722353593,34.28757254123173,-0.20918810748207672,193,14.689069986343384,2.3675077559319595,191,1.6907395794987679,2.3531162393256597
10,persistence,3848,0.9282613146373824,0.857207140621157,2.841656809623783,2.2838310556790113,0.01771182421091259,46.8320833095436,-1.2072067872311112,193,14.679548144340515,3.4575709123266822,190,1.6888476163148882,2.989461544821046
10,combined_ridge,3848,0.967309795695569,0.9353060774739227,1.9127143819390944,1.525004832058579,-0.07579990317136055,31.52259589510149,0.0,193,14.679548144340515,2.4137982504329583,190,1.6888476163148882,2.056147874170275
10,xgboost,3848,0.9613333101025816,0.9180198303150875,2.1531425713422676,1.68700714950939,-0.3453375431144689,35.48498606057079,-0.2672006076483633,193,14.679548144340515,4.155485649221893,190,1.6888476163148882,2.4641305826296933
10,mlp,3848,0.9560713877463239,0.9081845156923526,2.278643301093088,1.8182498760812797,-0.13254581344957078,37.55330782665945,-0.4192290031811168,193,14.679548144340515,3.800128749655019,190,1.6888476163148882,2.475767276174902
10,gru,3848,0.9562290907207512,0.9066636872557432,2.2974374777580358,1.8392490913806616,-0.08676947925763095,37.86304630187794,-0.4427371924010861,193,14.679548144340515,4.041422676029264,190,1.6888476163148882,2.557984662161874
10,dual_cnn_past,3848,0.9624942489383097,0.9226041452573269,2.092074913389846,1.6649018589148403,-0.18776751613092874,34.47855712268467,-0.19633897907056141,193,14.679548144340515,3.296868040155825,190,1.6888476163148882,2.5284305986370095
10,dual_cnn_future,3848,0.9609614391089351,0.9227309451320034,2.0903604573723085,1.660588610848246,0.08635467617642914,34.45030193480556,-0.19437898216353489,193,14.679548144340515,2.5583006661226086,190,1.6888476163148882,2.388019598314507
11,persistence,3848,0.9323298677025751,0.8653467393292711,2.760482807039472,2.201624058973961,0.02103993997470393,45.45832229217201,-1.0436832367444477,193,14.671149849891663,3.477789569920635,190,1.6907668299973013,2.947351421540456
11,combined_ridge,3848,0.9667138647509466,0.934112460707981,1.9309821246326035,1.5393673619353068,-0.08095046542600477,31.798498269261927,0.0,193,14.671149849891663,2.4300342943027338,190,1.6907668299973013,2.0509043248448653
11,xgboost,3848,0.9612845160120242,0.9177802926633455,2.1570716581386633,1.6890942480596491,-0.32843970993516397,35.52163353197625,-0.24787943633969234,193,14.671149849891663,4.1236795595896885,190,1.6907668299973013,2.4800046489700778
11,mlp,3848,0.9552679443118796,0.9080139299517477,2.281590194573714,1.8177773959794048,-0.06062216358928678,37.57214576345242,-0.39610736696054416,193,14.671149849891663,3.6931780034390775,190,1.6907668299973013,2.4250453991942282
11,gru,3848,0.9549588571434663,0.9029723963355877,2.343280411789481,1.8796680618096788,-0.06492255609008456,38.588031017045424,-0.47262452847743397,193,14.671149849891663,4.150947968580281,190,1.6907668299973013,2.571921175596505
11,dual_cnn_past,3848,0.9609302646331448,0.9176565249029939,2.1586945995267333,1.719804396424878,-0.3650866818359101,35.54835936141886,-0.2497578773382556,193,14.671149849891663,3.532031410136493,190,1.6907668299973013,2.603131635452825
11,dual_cnn_future,3848,0.959730722180123,0.9203917889044755,2.122538330320749,1.6846683064600663,-0.02951020918745502,34.95295505958556,-0.20824375367242776,193,14.671149849891663,2.6625057180431306,190,1.6907668299973013,2.466054549049205
12,persistence,3848,0.9348774196633634,0.87044774081823,2.70851566813171,2.156271370250747,0.024735998228537098,44.57838543406307,-0.9229501737265362,193,14.671149849891663,3.486986190601809,190,1.6894782707095146,2.863913037161095
12,combined_ridge,3848,0.9659652651386649,0.9326283819969533,1.9532028333140279,1.5531526973160026,-0.0861387905299386,32.146990973264955,0.0,193,14.671149849891663,2.459810882377979,190,1.6894782707095146,2.078910774194683
12,xgboost,3848,0.9599369007484423,0.9145930450001509,2.1991531556439674,1.7239711903376038,-0.35446716784234417,36.194989807260605,-0.26769929918154567,193,14.671149849891663,4.235745795456325,190,1.6894782707095146,2.5308731699191855
12,mlp,3848,0.9533962291926071,0.9043608795463378,2.327162143721405,1.851830208881075,-0.06545449435949334,38.30183898545886,-0.41957584710996776,193,14.671149849891663,3.766830069438246,190,1.6894782707095146,2.47801057298059
12,gru,3848,0.9531218495421058,0.899982826631168,2.379831151917756,1.910366804908271,-0.08209736806596701,39.168697307687545,-0.4845593746531287,193,14.671149849891663,4.162605628810435,190,1.6894782707095146,2.651243480312864
12,dual_cnn_past,3848,0.9593367276134486,0.9142072207825003,2.2041148736262013,1.75918783565853,-0.4241082484900469,36.276652756170066,-0.2734261527763633,193,14.671149849891663,3.597926332570732,190,1.6894782707095146,2.664568025477129
12,dual_cnn_future,3848,0.9591025013626688,0.9193069312171533,2.1376026190268207,1.6943034473247762,-0.06625681442381244,35.18195393034975,-0.19773089380004727,193,14.671149849891663,2.757107287251118,190,1.6894782707095146,2.484058117201457
13,persistence,3848,0.9330464851328327,0.8668452118933865,2.746900641864803,2.1916805651363083,0.02984778431838433,45.19100280313927,-0.9018086096288263,193,14.671149849891663,3.5568077493886374,190,1.6907940804958344,2.973076559506577
13,combined_ridge,3848,0.9646261346811952,0.9299851745655614,1.9918634480033182,1.5857511546842138,-0.09419839418602699,32.76940756076277,0.0,193,14.671149849891663,2.52130020223208,190,1.6907940804958344,2.163758213852044
13,xgboost,3848,0.958282790527519,0.9114995295835401,2.2394292506001796,1.7585730484787219,-0.3559669956316205,36.84226942864639,-0.26402487622223547,193,14.671149849891663,4.267810299535569,190,1.6907940804958344,2.6027024796264056
13,mlp,3848,0.9507926182316939,0.9002374443602006,2.3776522715446897,1.8903017608266086,-0.06291312309508092,39.116263919659794,-0.4248776159846892,193,14.671149849891663,3.7777512234980444,190,1.6907940804958344,2.5663495737964097
13,gru,3848,0.9509862544891508,0.895741410524076,2.43063909786701,1.9498271539350658,-0.07305202645923803,39.98798377015858,-0.4890929223582676,193,14.671149849891663,4.202452986339234,190,1.6907940804958344,2.7185625182256485
13,dual_cnn_past,3848,0.9573458549820832,0.9123099366558096,2.22915233844307,1.780198629536989,-0.39899516783471595,36.67319743564403,-0.2524500093344517,193,14.671149849891663,3.4510579956390237,190,1.6907940804958344,2.709935128244033
13,dual_cnn_future,3848,0.9576045768591877,0.9159259382717861,2.182707654941287,1.7235149190547907,0.0366164162435188,35.909106521567466,-0.20080375314648058,193,14.671149849891663,2.667947820779089,190,1.6907940804958344,2.518271201840737
14,persistence,3848,0.9273018045578104,0.8554589827503557,2.8628071319595225,2.2926238447102767,0.035133877109178695,47.08674512903788,-0.9612562586231272,193,14.671149849891663,3.7159483275577037,189,1.6907668299973013,3.302256553488374
14,combined_ridge,3848,0.9627122730419402,0.926301820769298,2.044207212472439,1.6259143574327761,-0.09975002048748274,33.62261569424917,0.0,193,14.671149849891663,2.6010391069322623,189,1.6907668299973013,2.2910780628531406
14,xgboost,3848,0.9555412638678356,0.9055095818199461,2.3146771401540973,1.819589459403814,-0.38853822307940084,38.07123830931803,-0.28212678617569487,193,14.671149849891663,4.356667386817735,189,1.6907668299973013,2.7616769363736426
14,mlp,3848,0.9483466653821112,0.8959739759501204,2.4286645681101087,1.9290285481841534,-0.045547805950600435,39.94607539078272,-0.41151398609434753,193,14.671149849891663,3.789010525842462,189,1.6907668299973013,2.610389482244228
14,gru,3848,0.9482732605167891,0.8912307446737194,2.4834167994614913,1.9914506028981727,-0.042454634866943876,40.846626578498956,-0.4758743267779575,193,14.671149849891663,4.228633716765488,189,1.6907668299973013,2.730478752841434
14,dual_cnn_past,3848,0.955328742261241,0.9084292995801095,2.278635216183268,1.819038446480331,-0.40233643112930967,37.47842963945386,-0.24250953636913852,193,14.671149849891663,3.5015204861606626,189,1.6907668299973013,2.778931708411458
14,dual_cnn_future,3848,0.9558111424363623,0.9126770167254749,2.2251578218461323,1.7575731766967895,0.06950218886229706,36.598846656301866,-0.1848730236889191,193,14.671149849891663,2.7197703125620065,189,1.6907668299973013,2.6020204711129358
15,persistence,3848,0.921080501555069,0.8431542473446669,2.9835607314694017,2.4052606414815787,0.040741915077800846,49.036410329640354,-1.041353282843974,193,14.679548144340515,3.746563522881611,189,1.6892680525779722,3.4587728070965236
15,combined_ridge,3848,0.9611037135822081,0.9231658025769107,2.0882177394418666,1.6565621797280132,-0.10446789106357597,34.32097119688061,0.0,193,14.679548144340515,2.6283774660317487,189,1.6892680525779722,2.329269502729125
15,xgboost,3848,0.9532973579495116,0.9004966740668139,2.376387722276816,1.8680937768788335,-0.3952169518043943,39.05719840819016,-0.29503958829322996,193,14.679548144340515,4.570291592619457,189,1.6892680525779722,2.7672416253698255
15,mlp,3848,0.9462964334169361,0.8919980073890228,2.4757933112421617,1.96803590437064,-0.10924235696085491,40.69098222835847,-0.4056498755830822,193,14.679548144340515,3.8503937343890815,189,1.6892680525779722,2.628778739446805
15,gru,3848,0.9467734605263685,0.889820115692605,2.5006312673373547,2.0076676942573193,-0.08899259880749384,41.099207271001944,-0.43399529509631884,193,14.679548144340515,4.147814216006514,189,1.6892680525779722,2.7456965105714852
15,dual_cnn_past,3848,0.9541280829287166,0.9068551472997193,2.299206249821224,1.8370471883679635,-0.3957107991646693,37.78867978436637,-0.2122837670811717,193,14.679548144340515,3.386197893910652,189,1.6892680525779722,2.7532576601577197
15,dual_cnn_future,3848,0.9542337327905841,0.9091729370026189,2.2704196490819224,1.7926341184452996,0.12828564069438136,37.31555666307073,-0.18211762846531476,193,14.679548144340515,2.6407996132223297,189,1.6892680525779722,2.584614582395657
16,persistence,3848,0.9158278858022684,0.8327078417554719,3.081046461316792,2.4815595774195427,0.039892810346977274,50.63470927886807,-1.1158155793555324,193,14.679548144340515,3.6804158369344195,190,1.6912572598084814,3.503030169788794
16,combined_ridge,3848,0.9599568989044309,0.9209325421394549,2.1181628329459596,1.6815997630812316,-0.11254109843012995,34.81043229892878,0.0,193,14.679548144340515,2.6570178964518494,190,1.6912572598084814,2.3267521295447873
16,xgboost,3848,0.9516294690663452,0.8971725741481125,2.4155439145229107,1.8987517541653367,-0.4274617608783816,39.69766941129896,-0.30050244267472626,193,14.679548144340515,4.643606862079573,190,1.6912572598084814,2.8172248536127573
16,mlp,3848,0.9447136658069454,0.8892301615949915,2.5070974574592126,1.9977538130713777,-0.20455311088915024,41.20228386234127,-0.40095361357062265,193,14.679548144340515,3.8627849188000845,190,1.6912572598084814,2.691763044740024
16,gru,3848,0.9459907192177772,0.8880180336686074,2.520777419946644,2.023138521382253,-0.12582253042611133,41.42710388118671,-0.4162837716516883,193,14.679548144340515,4.207228375877937,190,1.6912572598084814,2.742037058760355
16,dual_cnn_past,3848,0.9533794711827563,0.9057004077644892,2.313211606886733,1.8467932760992394,-0.37958218793027076,38.015913971369955,-0.1926473518748968,193,14.679548144340515,3.3552393060403993,190,1.6912572598084814,2.69795110109506
16,dual_cnn_future,3848,0.9529693187975822,0.9071174866873517,2.295765021374067,1.8212957555341729,0.1275437827819903,37.72919230182226,-0.17472480339763763,193,14.679548144340515,2.6732700161663794,190,1.6912572598084814,2.599744285142648
17,persistence,3848,0.9117975218590756,0.8246819657550465,3.1536863020642807,2.5273285587730143,0.038718477596589695,51.83149097423851,-1.182277921315427,193,14.679548144340515,3.506484409552584,190,1.6967110402765682,3.4690053840675996
17,combined_ridge,3848,0.9593356346845059,0.9196628167639226,2.134830976395732,1.6949724667225579,-0.12121440411405172,35.08639157044631,0.0,193,14.679548144340515,2.66695309075515,190,1.6967110402765682,2.3402386276758707
17,xgboost,3848,0.9510999641014436,0.8962491668733668,2.4260569529114204,1.910167311854363,-0.4349550373436858,39.87275112794457,-0.2914424066064598,193,14.679548144340515,4.593502454291385,190,1.6967110402765682,2.79979860364729
17,mlp,3848,0.9440560944923317,0.8877787566042104,2.5231480468142364,2.009010532971867,-0.23567174547643388,41.46846347067464,-0.3968780917810646,193,14.679548144340515,3.8750961462613494,190,1.6967110402765682,2.707940801556429
17,gru,3848,0.9457082172597994,0.8873805986561559,2.5276201142778905,2.027501206211167,-0.14307940586350354,41.54196283052754,-0.40183420106222045,193,14.679548144340515,4.214317311456148,190,1.6967110402765682,2.7430246606345996
17,dual_cnn_past,3848,0.9534903669263203,0.9059663182166022,2.309653952413595,1.8449025903542169,-0.35170996272101923,37.95964357957232,-0.17048779648290568,193,14.679548144340515,3.3454553227801522,190,1.6967110402765682,2.625664222970604
17,dual_cnn_future,3848,0.9520069311610153,0.9050117343127032,2.3213475884577623,1.8423532521463324,0.17339998684596794,38.15183092258185,-0.18236994236263948,193,14.679548144340515,2.6795263740924353,190,1.6967110402765682,2.5930262885545203
18,persistence,3848,0.9100387179283358,0.8212297507898101,3.1854491344234632,2.549838639994984,0.04056004069947573,52.333243501266544,-1.2118878924167946,193,14.679548144340515,3.356811353994063,190,1.6935050301253802,3.279010872152097
18,combined_ridge,3848,0.9591012767800204,0.9191775279399756,2.1418503159615967,1.7032930459511262,-0.12409382388493541,35.188122427442295,0.0,193,14.679548144340515,2.6753760209958326,190,1.6935050301253802,2.3397698232483277
18,xgboost,3848,0.9516101486697333,0.8977781789507516,2.408767365265275,1.8951990763391577,-0.4095056516792561,39.57326070665616,-0.2647696837496889,193,14.679548144340515,4.521812618039568,190,1.6935050301253802,2.765436420681336
18,mlp,3848,0.9438558894565284,0.8868400356387849,2.534366695621278,2.0173206560590233,-0.25107307406518253,41.636712377594975,-0.40010527445044164,193,14.679548144340515,3.9180580127885567,190,1.6935050301253802,2.727757842601613
18,gru,3848,0.9463816011794998,0.8887623946659764,2.5127476028541587,2.0129698612318956,-0.16173140056272886,41.28153569816484,-0.3763202525673257,193,14.679548144340515,4.211699243522597,190,1.6935050301253802,2.7363786204709215
18,dual_cnn_past,3848,0.9539241945345087,0.9053017612092525,2.3184300800706517,1.85375829759117,-0.36679294895565706,38.08912363717843,-0.17168192143825944,193,14.679548144340515,3.4843490277646514,190,1.6935050301253802,2.5991612673727826
18,dual_cnn_future,3848,0.9512188438904464,0.9042265274891342,2.3315550228240944,1.8587899160865506,0.142673465233922,38.3047512601825,-0.18498555664230465,193,14.679548144340515,2.7911517108667865,190,1.6935050301253802,2.5967228920386
19,persistence,3848,0.9117370997411972,0.8246452880805641,3.155758008562835,2.5204997439991277,0.04286805357354857,51.8163399563139,-1.165132339112954,193,14.679548144340515,3.186426996012233,190,1.690787267871201,3.019622241203343
19,combined_ridge,3848,0.9590307395219096,0.9190097049121078,2.144674872780897,1.7078464587833493,-0.12571473918944467,35.214741435256194,0.0,193,14.679548144340515,2.664907948927108,190,1.690787267871201,2.327063241926401
19,xgboost,3848,0.9505135029776386,0.8956985446986092,2.433829534582947,1.9127956030342925,-0.43235831090762433,39.96255042923903,-0.28782655304039584,193,14.679548144340515,4.5377862971308085,190,1.690787267871201,2.81498794010179
19,mlp,3848,0.9439953175778272,0.8863164127492099,2.5409367672402428,2.0238821361457053,-0.2559764650117937,41.72121023905059,-0.403669364281376,193,14.679548144340515,3.977950719691845,190,1.690787267871201,2.7023794974945954
19,gru,3848,0.9474129581976488,0.8906102032563711,2.4924897476572587,1.9931171227788227,-0.15792664001777224,40.925728700298095,-0.3506532342112154,193,14.679548144340515,4.220392075561468,190,1.690787267871201,2.725586014303079
19,dual_cnn_past,3848,0.9538910577229851,0.9056493319879482,2.3148212610720327,1.8483313466220015,-0.352696839955776,38.00848007874855,-0.16496282730758627,193,14.679548144340515,3.4358368945134816,190,1.690787267871201,2.617326795791831
19,dual_cnn_future,3848,0.950437120543405,0.9022916999725911,2.3556496619670617,1.8752642910862913,0.1782400500183588,38.678866811479345,-0.20641988472817596,193,14.679548144340515,2.7790861722788005,190,1.690787267871201,2.601472909125367
20,persistence,3848,0.9163080266982726,0.8337253772239207,3.073083480824329,2.449823308081643,0.044539437958273746,50.43890129050892,-1.0444362929974478,193,14.689069986343384,3.027458282362514,190,1.700739562511444,2.858648987951903
20,combined_ridge,3848,0.958863748156432,0.9186696975813962,2.149253121052251,1.7110708208686876,-0.1264460178250514,35.27595872273334,0.0,193,14.689069986343384,2.6687515676420004,190,1.700739562511444,2.3633230955781186
20,xgboost,3848,0.9513237301061703,0.8971768127034477,2.4166118650502786,1.9054531625546902,-0.41309521846002806,39.66415103245011,-0.26426666337360527,193,14.689069986343384,4.453241233201411,190,1.700739562511444,2.817453925523516
20,mlp,3848,0.9439650408963324,0.8848978592156463,2.556837180735119,2.0385926050833567,-0.28159869401229676,41.96568657497331,-0.41524302666951285,193,14.689069986343384,4.119294642340273,190,1.700739562511444,2.7554430834305217
20,gru,3848,0.9479042961493578,0.8908725199486229,2.4895934678887444,1.9873492459104032,-0.13629841046876778,40.86200715466813,-0.3417813378683492,193,14.689069986343384,4.3123205816664525,190,1.700739562511444,2.7490959312847143
20,dual_cnn_past,3848,0.9535352545530177,0.9061048571409452,2.30931372120266,1.841738306484898,-0.2651250693010611,37.90305325559012,-0.15449153830237816,193,14.689069986343384,3.358980534688743,190,1.700739562511444,2.636506403007075
20,dual_cnn_future,3848,0.9498613148746441,0.9010614221882786,2.3705231677219727,1.8890890852136084,0.20134087330112765,38.90769151234394,-0.21650320229217224,193,14.689069986343384,2.754191119055521,190,1.700739562511444,2.6118287601659733
21,persistence,3848,0.9227136028321774,0.8464199771634975,2.9529173373092887,2.349059323117939,0.04465804011165828,48.44941372774292,-0.8729775883952244,193,14.696653187274933,2.959030108997458,190,1.702306792140007,2.7862050100687745
21,combined_ridge,3848,0.9586734400574504,0.9180022162757441,2.157669799526349,1.716200977067291,-0.1422608692562718,35.401545273313864,0.0,193,14.696653187274933,2.7849873801726472,190,1.702306792140007,2.4041841019502965
21,xgboost,3848,0.9511172416762614,0.8969400229596981,2.4189614456075903,1.9029315930129937,-0.4308092955542201,39.688636857167126,-0.2568629104547917,193,14.696653187274933,4.479139881095509,190,1.702306792140007,2.8118973879612645
21,mlp,3848,0.9450820057483549,0.8883532810599166,2.517716975299291,2.0081909210160114,-0.2014630067617867,41.30894889756288,-0.36158205476250127,193,14.696653187274933,3.9797636742428604,190,1.702306792140007,2.7209668393232707
21,gru,3848,0.9484189555112533,0.8918696998256244,2.4777508287708674,1.9790109564265168,-0.10983836137903398,40.65321216433499,-0.31869779225972783,193,14.696653187274933,4.318167227228187,190,1.702306792140007,2.767912362783309
21,dual_cnn_past,3848,0.9525546204255387,0.9044016798586921,2.329748582775576,1.856474111363895,-0.246860504006144,38.22489425707012,-0.1658645546463806,193,14.696653187274933,3.429196859268049,190,1.702306792140007,2.6360655220513367
21,dual_cnn_future,3848,0.9488982985386138,0.8989990866071557,2.39467497881534,1.9065455192565504,0.20342847021037946,39.2901614028305,-0.2317517457618823,193,14.696653187274933,2.7753713319954496,190,1.702306792140007,2.589451550043139
22,persistence,3848,0.9305340181390611,0.8619512067275811,2.79969745557855,2.2322150937930068,0.04700675397259247,45.910559473474486,-0.6822860719350852,193,14.707288146018982,2.8527722132340716,189,1.7061759904026985,2.744409834586459
22,combined_ridge,3848,0.9586721631050941,0.9179397624605392,2.158545363635196,1.7157439213591008,-0.1407162416382388,35.39669084454252,0.0,193,14.707288146018982,2.828457786067802,189,1.7061759904026985,2.407430470537857
22,xgboost,3848,0.9509969254467215,0.8970163583652326,2.4181259503440873,1.901535501864177,-0.41881131094668456,39.653397204192814,-0.2549761872712071,193,14.707288146018982,4.482995392642354,189,1.7061759904026985,2.8378964409862824
22,mlp,3848,0.946766833240999,0.892397660122431,2.4717563182965794,1.9670787018510116,-0.11320167601404559,40.53284944377718,-0.31126036468189255,193,14.707288146018982,3.8562032657447047,189,1.7061759904026985,2.654223619827145
22,gru,3848,0.9473727135320279,0.889961789894941,2.499577196686911,1.995362005651749,-0.061846242161198973,40.989067343107195,-0.3409443701299777,193,14.707288146018982,4.361570024706471,189,1.7061759904026985,2.7758674134929486
22,dual_cnn_past,3848,0.9519715782727705,0.9038996046547342,2.3359168659913836,1.8627348100828571,-0.19354588356603314,38.305299734262896,-0.1710957915386031,193,14.707288146018982,3.40671688819122,189,1.7061759904026985,2.6125391374802405
22,dual_cnn_future,3848,0.9492672952537279,0.8998065890766871,2.385142747696794,1.8987705900104466,0.2130876444532972,39.112525445443694,-0.220973940451469,193,14.707288146018982,2.7712910028360396,189,1.7061759904026985,2.527743303275295
23,persistence,3848,0.9392105615758014,0.8791565474399426,2.6188456577499366,2.088161531147069,0.04859475088443084,42.94448850134954,-0.4722690362963513,193,14.696653187274933,2.675009336963503,189,1.7068276111967866,2.667171629805762
23,combined_ridge,3848,0.9587021193742,0.9179202611239556,2.158322432572508,1.714616309119348,-0.14225752572835978,35.392713050318015,0.0,193,14.696653187274933,2.8619036582628574,189,1.7068276111967866,2.415654630064237
23,xgboost,3848,0.9508603780210405,0.8969141175736167,2.4187887387827374,1.9031118884654055,-0.4085300760072316,39.66390492408603,-0.25592364208172325,193,14.696653187274933,4.462546056862384,189,1.7068276111967866,2.8255582469266325
23,mlp,3848,0.9477656668775779,0.8933618000451123,2.460111234898551,1.9537837478311813,-0.143781098490725,40.34152158852792,-0.29920244228582193,193,14.696653187274933,3.9321939801284604,189,1.7068276111967866,2.667054086188955
23,gru,3848,0.9465829104694872,0.8877613172745711,2.5238853458305557,2.0115033882692277,-0.08274595909776494,41.38730546872662,-0.3674346521167795,193,14.696653187274933,4.4534046227233945,189,1.7068276111967866,2.820072608090716
23,dual_cnn_past,3848,0.9519964171130106,0.9035427555124524,2.3397301266969897,1.8652116153317495,-0.18851865434181242,38.36748195711894,-0.17516512100564352,193,14.696653187274933,3.490022375667915,189,1.7068276111967866,2.58684761373266
23,dual_cnn_future,3848,0.9497782937319538,0.9011265656898281,2.3688532179936326,1.884970235401207,0.18504616305264351,38.84504971893465,-0.20460210237555465,193,14.696653187274933,2.784278811583293,189,1.7068276111967866,2.516685278000969
24,persistence,3848,0.9458319895929481,0.8922566483201606,2.471377547102595,1.9781461042333237,0.04714407517863671,40.552145682990805,-0.3122795454715994,193,14.664745330810547,2.55104850755028,190,1.7149974405765531,2.575787321989127
24,combined_ridge,3848,0.9585300270069126,0.9178960337928235,2.157376404876965,1.7134642154370263,-0.1330046733273643,35.399788416053696,0.0,193,14.664745330810547,2.7861820759977247,190,1.7149974405765531,2.4260552271868008
24,xgboost,3848,0.9508700490920611,0.8977002582435714,2.4081366350745435,1.8981703708103608,-0.37681025762084275,39.51444317545876,-0.24597797893441453,193,14.664745330810547,4.413016417577547,190,1.7149974405765531,2.8337569091987245
24,mlp,3848,0.9479998669077667,0.8933323747099579,2.459009288996751,1.9525853115954819,-0.13570600353882403,40.34919838133669,-0.29917746167449133,193,14.664745330810547,3.9696272621428794,190,1.7149974405765531,2.731112733400702
24,gru,3848,0.9438485997462975,0.8826929107788075,2.5787306685637814,2.055664073019611,-0.08919997602256227,42.31367314613446,-0.4287627032583874,193,14.664745330810547,4.581630893556073,190,1.7149974405765531,2.9353488729817947
24,dual_cnn_past,3848,0.9516609547201146,0.9028202428225183,2.3471009043040088,1.8732846256435132,-0.1904456700177678,38.512924872852054,-0.18361826817976024,193,14.664745330810547,3.552990527459088,190,1.7149974405765531,2.681937744101273
24,dual_cnn_future,3848,0.9504920902812849,0.9031552551391651,2.343051776308421,1.8593480446753041,0.09171049258968571,38.44648385959665,-0.17953796782883402,193,14.664745330810547,2.819992749566855,190,1.7149974405765531,2.5554535116519803
