station,lead_hours,comparison,reference_model,model,reference_rmse_cm,model_rmse_cm,incremental_gain_percent
Xiamen,1,history_to_fusion_cnn,Surge-MLP,Fusion CNN,4.297807259168393,3.9244514585864847,8.687122945903143
Xiamen,1,history_to_cnn_gru,Surge-MLP,CNN-GRU,4.297807259168393,3.484231279462084,18.93002479277613
Xiamen,1,history_vs_era5_only,Surge-MLP,ERA5-only CNN,4.297807259168393,14.0541810924913,-227.00817521562664
Xiamen,3,history_to_fusion_cnn,Surge-MLP,Fusion CNN,8.90713164916899,7.269828797048297,18.381931654433878
Xiamen,3,history_to_cnn_gru,Surge-MLP,CNN-GRU,8.90713164916899,6.407251140439795,28.066055462000794
Xiamen,3,history_vs_era5_only,Surge-MLP,ERA5-only CNN,8.90713164916899,14.052748864012162,-57.769632441923584
Xiamen,6,history_to_fusion_cnn,Surge-MLP,Fusion CNN,10.144443188583203,7.426673322924256,26.790724883920582
Xiamen,6,history_to_cnn_gru,Surge-MLP,CNN-GRU,10.144443188583203,6.788572164226899,33.080879472350745
Xiamen,6,history_vs_era5_only,Surge-MLP,ERA5-only CNN,10.144443188583203,14.054379073826594,-38.54263671803815
Xiamen,12,history_to_fusion_cnn,Surge-MLP,Fusion CNN,11.809803994718216,7.670444092799403,35.05019984895676
Xiamen,12,history_to_cnn_gru,Surge-MLP,CNN-GRU,11.809803994718216,7.108458121668305,39.80883912343107
Xiamen,12,history_vs_era5_only,Surge-MLP,ERA5-only CNN,11.809803994718216,14.052029509362844,-18.9861365662583
Xiamen,24,history_to_fusion_cnn,Surge-MLP,Fusion CNN,15.439347838727729,8.718190803448476,43.532648564468815
Xiamen,24,history_to_cnn_gru,Surge-MLP,CNN-GRU,15.439347838727729,7.931502741505347,48.62799371868457
Xiamen,24,history_vs_era5_only,Surge-MLP,ERA5-only CNN,15.439347838727729,14.052907761257789,8.979913477901079
Xiamen,48,history_to_fusion_cnn,Surge-MLP,Fusion CNN,18.598589137321785,11.60644754646931,37.59501077864743
Xiamen,48,history_to_cnn_gru,Surge-MLP,CNN-GRU,18.598589137321785,10.118072390949806,45.59763476550019
Xiamen,48,history_vs_era5_only,Surge-MLP,ERA5-only CNN,18.598589137321785,14.01730212911468,24.6324437535632
Xiamen,72,history_to_fusion_cnn,Surge-MLP,Fusion CNN,20.660670010765678,13.723174839464145,33.578268118539256
Xiamen,72,history_to_cnn_gru,Surge-MLP,CNN-GRU,20.660670010765678,12.13906448969209,41.245542940443
Xiamen,72,history_vs_era5_only,Surge-MLP,ERA5-only CNN,20.660670010765678,13.976508931199298,32.35210221199727
