station,lead_hours,condition,model,rmse_cm,persistence_rmse_cm,skill_rmse_vs_persistence,threshold,n,rank_by_rmse
Prickly Bay,1,top5_absolute_surge,Persistence,1.0233352436853949,1.0233352436853949,0.0,14.62952822446823,203,2.0
Prickly Bay,1,top5_absolute_surge,Ridge,0.9086824341470192,1.0233352436853949,0.11203836694363234,14.62952822446823,203,1.0
Prickly Bay,1,top5_absolute_surge,CNN-GRU,1.1342483945337491,1.0233352436853949,-0.10838398416624107,14.62952822446823,203,3.0
Prickly Bay,1,top5_absolute_surge,Rollout-6,1.1365831579304868,1.0233352436853949,-0.11066550765636274,14.62952822446823,203,4.0
Prickly Bay,1,rapid_rise,Persistence,2.1877058905421367,2.1877058905421367,0.0,1.6824189014732835,201,4.0
Prickly Bay,1,rapid_rise,Ridge,1.613069213031524,2.1877058905421367,0.2626663300560075,1.6824189014732835,201,1.0
Prickly Bay,1,rapid_rise,CNN-GRU,1.8459148408229324,2.1877058905421367,0.1562326321818811,1.6824189014732835,201,3.0
Prickly Bay,1,rapid_rise,Rollout-6,1.7900850997497049,2.1877058905421367,0.18175239757383344,1.6824189014732835,201,2.0
Prickly Bay,3,top5_absolute_surge,Persistence,2.085576401822203,2.085576401822203,0.0,14.645112454891205,203,2.0
Prickly Bay,3,top5_absolute_surge,Ridge,1.7940588374499071,2.085576401822203,0.1397779357867649,14.645112454891205,203,1.0
Prickly Bay,3,top5_absolute_surge,CNN-GRU,2.8406380126247304,2.085576401822203,-0.36203977478016025,14.645112454891205,203,4.0
Prickly Bay,3,top5_absolute_surge,Rollout-6,2.6638218928685204,2.085576401822203,-0.2772593181151717,14.645112454891205,203,3.0
Prickly Bay,3,rapid_rise,Persistence,3.3656084586982096,3.3656084586982096,0.0,1.6861113719642162,200,4.0
Prickly Bay,3,rapid_rise,Ridge,2.2299743104140277,3.3656084586982096,0.33742313231629917,1.6861113719642162,200,1.0
Prickly Bay,3,rapid_rise,CNN-GRU,2.804977603458886,3.3656084586982096,0.1665763745602693,1.6861113719642162,200,3.0
Prickly Bay,3,rapid_rise,Rollout-6,2.531519931043517,3.3656084586982096,0.2478269643930333,1.6861113719642162,200,2.0
Prickly Bay,6,top5_absolute_surge,Persistence,2.799167487365354,2.799167487365354,0.0,14.632913321256636,203,2.0
Prickly Bay,6,top5_absolute_surge,Ridge,2.309210979001233,2.799167487365354,0.17503651016798571,14.632913321256636,203,1.0
Prickly Bay,6,top5_absolute_surge,CNN-GRU,3.90344584142056,2.799167487365354,-0.3945024222521891,14.632913321256636,203,4.0
Prickly Bay,6,top5_absolute_surge,Rollout-6,3.584528426733939,2.799167487365354,-0.28056947035626867,14.632913321256636,203,3.0
Prickly Bay,6,rapid_rise,Persistence,3.4208673012394546,3.4208673012394546,0.0,1.6857341304421427,200,4.0
Prickly Bay,6,rapid_rise,Ridge,2.2669980172409985,3.4208673012394546,0.33730314051655386,1.6857341304421427,200,1.0
Prickly Bay,6,rapid_rise,CNN-GRU,2.9470454752779403,3.4208673012394546,0.13850926804142283,1.6857341304421427,200,3.0
Prickly Bay,6,rapid_rise,Rollout-6,2.640474900058139,3.4208673012394546,0.22812706032138763,1.6857341304421427,200,2.0
Prickly Bay,12,top5_absolute_surge,Persistence,3.4573921794124174,3.4573921794124174,0.0,14.599008709192274,203,2.0
Prickly Bay,12,top5_absolute_surge,Ridge,2.58107902181284,3.4573921794124174,0.2534607334446237,14.599008709192274,203,1.0
Prickly Bay,12,top5_absolute_surge,CNN-GRU,4.163120944432438,3.4573921794124174,-0.2041216987827974,14.599008709192274,203,4.0
Prickly Bay,12,top5_absolute_surge,Rollout-6,3.9650907648456784,3.4573921794124174,-0.14684437260442462,14.599008709192274,203,3.0
Prickly Bay,12,rapid_rise,Persistence,2.8240928260712423,2.8240928260712423,0.0,1.6823296528309586,203,3.0
Prickly Bay,12,rapid_rise,Ridge,2.2502562660305974,2.8240928260712423,0.20319323598117767,1.6823296528309586,203,1.0
Prickly Bay,12,rapid_rise,CNN-GRU,2.9859355866763093,2.8240928260712423,-0.05730787568700979,1.6823296528309586,203,4.0
Prickly Bay,12,rapid_rise,Rollout-6,2.6555231294888624,2.8240928260712423,0.05968985687233486,1.6823296528309586,203,2.0
Prickly Bay,24,top5_absolute_surge,Persistence,2.519799906681388,2.519799906681388,0.0,14.632913321256636,203,1.0
Prickly Bay,24,top5_absolute_surge,Ridge,2.80323563696664,2.519799906681388,-0.11248342756649299,14.632913321256636,203,2.0
Prickly Bay,24,top5_absolute_surge,CNN-GRU,4.612002171315789,2.519799906681388,-0.8303049218657446,14.632913321256636,203,4.0
Prickly Bay,24,top5_absolute_surge,Rollout-6,4.297557574834829,2.519799906681388,-0.7055154115370901,14.632913321256636,203,3.0
Prickly Bay,24,rapid_rise,Persistence,2.589119593652476,2.589119593652476,0.0,1.6886373981833458,201,2.0
Prickly Bay,24,rapid_rise,Ridge,2.576297587542689,2.589119593652476,0.004952264909361959,1.6886373981833458,201,1.0
Prickly Bay,24,rapid_rise,CNN-GRU,3.3374471404490063,2.589119593652476,-0.2890278025901707,1.6886373981833458,201,4.0
Prickly Bay,24,rapid_rise,Rollout-6,2.8909711275658587,2.589119593652476,-0.11658462384410773,1.6886373981833458,201,3.0
Prickly Bay,48,top5_absolute_surge,Persistence,3.37230698765065,3.37230698765065,0.0,14.521387070417402,203,1.0
Prickly Bay,48,top5_absolute_surge,Ridge,3.689362927477778,3.37230698765065,-0.09401752005027508,14.521387070417402,203,2.0
Prickly Bay,48,top5_absolute_surge,CNN-GRU,6.461371905627634,3.37230698765065,-0.916009405219959,14.521387070417402,203,4.0
Prickly Bay,48,top5_absolute_surge,Rollout-6,5.7141118372076605,3.37230698765065,-0.6944222035931702,14.521387070417402,203,3.0
Prickly Bay,48,rapid_rise,Persistence,3.241505895464785,3.241505895464785,0.0,1.6842287965118885,201,2.0
Prickly Bay,48,rapid_rise,Ridge,2.834718680122152,3.241505895464785,0.12549328258565629,1.6842287965118885,201,1.0
Prickly Bay,48,rapid_rise,CNN-GRU,4.168697713721771,3.241505895464785,-0.28603736909879673,1.6842287965118885,201,4.0
Prickly Bay,48,rapid_rise,Rollout-6,3.36532353012262,3.241505895464785,-0.038197565776779685,1.6842287965118885,201,3.0
Prickly Bay,72,top5_absolute_surge,Persistence,3.726660579602034,3.726660579602034,0.0,14.496983289718626,203,1.0
Prickly Bay,72,top5_absolute_surge,Ridge,4.099438674119997,3.726660579602034,-0.10003006352614285,14.496983289718626,203,2.0
Prickly Bay,72,top5_absolute_surge,CNN-GRU,7.485383759264295,3.726660579602034,-1.0086035739975148,14.496983289718626,203,4.0
Prickly Bay,72,top5_absolute_surge,Rollout-6,6.419672632738755,3.726660579602034,-0.7226341105162588,14.496983289718626,203,3.0
Prickly Bay,72,rapid_rise,Persistence,3.905473806697031,3.905473806697031,0.0,1.6639423370361328,201,3.0
Prickly Bay,72,rapid_rise,Ridge,3.2308285556438885,3.905473806697031,0.1727435093525077,1.6639423370361328,201,1.0
Prickly Bay,72,rapid_rise,CNN-GRU,4.948281710960248,3.905473806697031,-0.2670118802166921,1.6639423370361328,201,4.0
Prickly Bay,72,rapid_rise,Rollout-6,3.834452973528901,3.905473806697031,0.01818494673971316,1.6639423370361328,201,2.0
Xiamen,1,top5_absolute_surge,Persistence,14.988688544350564,14.988688544350564,0.0,40.26472568511963,435,4.0
Xiamen,1,top5_absolute_surge,Ridge,6.164290079762693,14.988688544350564,0.5887371959512698,40.26472568511963,435,3.0
Xiamen,1,top5_absolute_surge,CNN-GRU,4.721119301642487,14.988688544350564,0.6850211886334819,40.26472568511963,435,1.0
Xiamen,1,top5_absolute_surge,Rollout-6,4.963453514709456,14.988688544350564,0.6688533823340903,40.26472568511963,435,2.0
Xiamen,1,rapid_rise,Persistence,25.28288692296377,25.28288692296377,0.0,20.398488640785224,431,4.0
Xiamen,1,rapid_rise,Ridge,6.28918884028881,25.28288692296377,0.7512472029222064,20.398488640785224,431,3.0
Xiamen,1,rapid_rise,CNN-GRU,4.520444623487576,25.28288692296377,0.8212053616637514,20.398488640785224,431,2.0
Xiamen,1,rapid_rise,Rollout-6,4.270639847545587,25.28288692296377,0.8310857513796543,20.398488640785224,431,1.0
Xiamen,3,top5_absolute_surge,Persistence,31.984169309644606,31.984169309644606,0.0,40.20175635814667,435,4.0
Xiamen,3,top5_absolute_surge,Ridge,14.76142438781888,31.984169309644606,0.5384771683481655,40.20175635814667,435,3.0
Xiamen,3,top5_absolute_surge,CNN-GRU,10.294978577814376,31.984169309644606,0.6781226838143958,40.20175635814667,435,2.0
Xiamen,3,top5_absolute_surge,Rollout-6,9.972470483784443,31.984169309644606,0.688206050085618,40.20175635814667,435,1.0
Xiamen,3,rapid_rise,Persistence,27.393238400204982,27.393238400204982,0.0,20.40640413761139,431,4.0
Xiamen,3,rapid_rise,Ridge,9.967312665449434,27.393238400204982,0.6361396736000791,20.40640413761139,431,3.0
Xiamen,3,rapid_rise,CNN-GRU,7.212885727473212,27.393238400204982,0.7366910176118776,20.40640413761139,431,2.0
Xiamen,3,rapid_rise,Rollout-6,6.4103803301072055,27.393238400204982,0.7659867651843881,20.40640413761139,431,1.0
Xiamen,6,top5_absolute_surge,Persistence,38.69712569950417,38.69712569950417,0.0,40.20175635814667,435,4.0
Xiamen,6,top5_absolute_surge,Ridge,15.04628797531326,38.69712569950417,0.6111781507455463,40.20175635814667,435,3.0
Xiamen,6,top5_absolute_surge,CNN-GRU,11.080394258297789,38.69712569950417,0.7136636363036193,40.20175635814667,435,2.0
Xiamen,6,top5_absolute_surge,Rollout-6,10.564632284295143,38.69712569950417,0.7269918089955061,40.20175635814667,435,1.0
Xiamen,6,rapid_rise,Persistence,30.66987372358512,30.66987372358512,0.0,20.402446389198307,431,4.0
Xiamen,6,rapid_rise,Ridge,10.03844437314773,30.66987372358512,0.672693651639388,20.402446389198307,431,3.0
Xiamen,6,rapid_rise,CNN-GRU,7.448978199833049,30.66987372358512,0.757123936441095,20.402446389198307,431,2.0
Xiamen,6,rapid_rise,Rollout-6,6.774427902724022,30.66987372358512,0.7791178417042359,20.402446389198307,431,1.0
Xiamen,12,top5_absolute_surge,Persistence,20.459058663844186,20.459058663844186,0.0,40.20175635814667,435,4.0
Xiamen,12,top5_absolute_surge,Ridge,15.839595084607788,20.459058663844186,0.2257906219018787,40.20175635814667,435,3.0
Xiamen,12,top5_absolute_surge,CNN-GRU,11.82524068618874,20.459058663844186,0.4220046542470386,40.20175635814667,435,2.0
Xiamen,12,top5_absolute_surge,Rollout-6,11.374137533475215,20.459058663844186,0.4440537211237433,40.20175635814667,435,1.0
Xiamen,12,rapid_rise,Persistence,14.203434350874009,14.203434350874009,0.0,20.402446389198307,431,4.0
Xiamen,12,rapid_rise,Ridge,10.784015128473465,14.203434350874009,0.24074594481370137,20.402446389198307,431,3.0
Xiamen,12,rapid_rise,CNN-GRU,8.103755227502672,14.203434350874009,0.4294510026721806,20.402446389198307,431,2.0
Xiamen,12,rapid_rise,Rollout-6,7.413378218751155,14.203434350874009,0.4780573461590314,20.402446389198307,431,1.0
Xiamen,24,top5_absolute_surge,Persistence,29.071425936353883,29.071425936353883,0.0,40.20175635814667,435,4.0
Xiamen,24,top5_absolute_surge,Ridge,18.512932615577384,29.071425936353883,0.3631914493596642,40.20175635814667,435,3.0
Xiamen,24,top5_absolute_surge,CNN-GRU,13.299451379746223,29.071425936353883,0.5425249724983311,40.20175635814667,435,2.0
Xiamen,24,top5_absolute_surge,Rollout-6,12.388385833789368,29.071425936353883,0.5738638393276174,40.20175635814667,435,1.0
Xiamen,24,rapid_rise,Persistence,19.005481764470577,19.005481764470577,0.0,20.37078440189361,430,4.0
Xiamen,24,rapid_rise,Ridge,12.24410345219582,19.005481764470577,0.3557593749038598,20.37078440189361,430,3.0
Xiamen,24,rapid_rise,CNN-GRU,9.13802239689778,19.005481764470577,0.5191901731225421,20.37078440189361,430,2.0
Xiamen,24,rapid_rise,Rollout-6,7.796995408370517,19.005481764470577,0.5897501833946427,20.37078440189361,430,1.0
Xiamen,48,top5_absolute_surge,Persistence,42.89664136695141,42.89664136695141,0.0,40.13821482658386,435,4.0
Xiamen,48,top5_absolute_surge,Ridge,23.00250449781005,42.89664136695141,0.4637691025495593,40.13821482658386,435,3.0
Xiamen,48,top5_absolute_surge,CNN-GRU,16.67490480940869,42.89664136695141,0.6112771471601636,40.13821482658386,435,2.0
Xiamen,48,top5_absolute_surge,Rollout-6,15.155395495251538,42.89664136695141,0.6466997179194636,40.13821482658386,435,1.0
Xiamen,48,rapid_rise,Persistence,25.60847242450591,25.60847242450591,0.0,20.402446389198307,431,4.0
Xiamen,48,rapid_rise,Ridge,15.433419956354328,25.60847242450591,0.39733148855902123,20.402446389198307,431,3.0
Xiamen,48,rapid_rise,CNN-GRU,12.170754608406694,25.60847242450591,0.5247371882768006,20.402446389198307,431,2.0
Xiamen,48,rapid_rise,Rollout-6,9.679920420272246,25.60847242450591,0.6220032081644553,20.402446389198307,431,1.0
Xiamen,72,top5_absolute_surge,Persistence,50.98159510507357,50.98159510507357,0.0,39.88438844680786,435,4.0
Xiamen,72,top5_absolute_surge,Ridge,26.363898843917475,50.98159510507357,0.4828741864670727,39.88438844680786,435,3.0
Xiamen,72,top5_absolute_surge,CNN-GRU,19.6413294302538,50.98159510507357,0.6147368596495887,39.88438844680786,435,2.0
Xiamen,72,top5_absolute_surge,Rollout-6,17.319317291646648,50.98159510507357,0.6602829461112121,39.88438844680786,435,1.0
Xiamen,72,rapid_rise,Persistence,28.487754342087545,28.487754342087545,0.0,20.457201898097995,430,4.0
Xiamen,72,rapid_rise,Ridge,18.355567257518462,28.487754342087545,0.35566815702281884,20.457201898097995,430,3.0
Xiamen,72,rapid_rise,CNN-GRU,15.157831175011436,28.487754342087545,0.46791765356466175,20.457201898097995,430,2.0
Xiamen,72,rapid_rise,Rollout-6,11.699117558402166,28.487754342087545,0.5893281928116743,20.457201898097995,430,1.0
