lead_hours,method,n,pearson_r,r2,rmse_cm,mae_cm,bias_cm,rrmse_percent,skill_vs_same_lead_ridge,skill_vs_same_lead_persistence,top5_n,top5_threshold_cm,top5_rmse_cm,rapid_rise_n,rapid_rise_threshold_cm_per_hour,rapid_rise_rmse_cm
1,persistence,4059,0.990935318632837,0.9818759234379392,1.0022527869491031,0.7945910205555702,0.006385273707387458,16.76444631815553,-0.49284254886319556,0.0,203,14.62952822446823,1.0233352436853949,201,1.6824189014732835,2.1877058905421367
1,ridge,4059,0.9939133063947977,0.9878593515599737,0.8202953886877227,0.6450323550856868,-0.007601312238251355,13.720887771783472,0.0,0.33013699216872994,203,14.62952822446823,0.9086824341470191,201,1.6824189014732835,1.613069213031524
1,xgboost,4059,0.9921193704968869,0.9841734914297402,0.9365735468381615,0.7375945685823126,-0.029866975387096293,15.665845137500453,-0.30359664464722225,0.12676883061786048,203,14.62952822446823,1.3771316687083714,201,1.6824189014732835,1.922363984460757
1,dual_cnn,4059,0.9935062691634141,0.9866482537700203,0.8602374851571146,0.6783178168917837,0.07633601900669343,14.388989812321586,-0.09975560991952959,0.2633143992599909,203,14.62952822446823,1.063818132980022,201,1.6824189014732835,1.6245830855389187
1,cnn_gru,4059,0.9931652094693223,0.9860551274357245,0.8791370909566842,0.6903501563860969,-0.08916534931351404,14.705119067322878,-0.14861019435344347,0.23058852038474276,203,14.62952822446823,1.1342483945337491,201,1.6824189014732835,1.8459148408229324
1,cnn_gru_rollout6,4059,0.9931886637948131,0.9862337146232393,0.8734895479552819,0.6863065642880499,-0.008584135923395301,14.610653945639665,-0.13390033858281591,0.24044210861601933,203,14.62952822446823,1.1365831579304868,201,1.6824189014732835,1.7900850997497049
3,persistence,4059,0.9603655207658481,0.9208854854754895,2.097662641056661,1.6874412574827862,0.018686814400496847,35.001093108819305,-0.9009867515446595,0.0,203,14.645112454891205,2.085576401822203,200,1.6861113719642162,3.3656084586982096
3,ridge,4059,0.9789924466064667,0.958382395637305,1.5214094115082881,1.2074279510174437,-0.026054285647490814,25.38587064791854,0.0,0.47395740702167266,203,14.645112454891205,1.7940588374499071,200,1.6861113719642162,2.2299743104140273
3,xgboost,4059,0.9750546135811102,0.9506670666669108,1.656441221117559,1.3162994518852884,-0.03279296108863862,27.638978868602532,-0.18538618665205897,0.37643637669285934,203,14.645112454891205,2.014331674626178,200,1.6861113719642162,2.457192025494905
3,dual_cnn,4059,0.9756010332310331,0.9484065590897758,1.693966457057399,1.3491138906198763,0.2210851725294168,28.26511590863635,-0.23970232550125603,0.3478637741720568,203,14.645112454891205,2.4343011343843663,200,1.6861113719642162,2.2534417591950757
3,cnn_gru,4059,0.9736456330230969,0.9444455744766371,1.7577895989068526,1.400611709063434,-0.309402799849128,29.330053466586488,-0.3348780251551533,0.29779730233759427,203,14.645112454891205,2.8406380126247304,200,1.6861113719642162,2.804977603458886
3,cnn_gru_rollout6,4059,0.9743134342343412,0.9478660074171861,1.7028172959512144,1.3535838623399399,-0.026374509905113794,28.41279887259358,-0.25269085958117943,0.34103125202566653,203,14.645112454891205,2.6638218928685204,200,1.6861113719642162,2.5315199310435172
6,persistence,4059,0.9279546033272578,0.8564217599351962,2.8307225509839786,2.2930518654122043,0.03314324542231586,47.036034826715444,-1.2880799192991281,0.0,203,14.632913321256636,2.799167487365354,200,1.6857341304421427,3.4208673012394546
6,ridge,4059,0.9681620202105863,0.9372494645603184,1.8713788200649446,1.4874649452483986,-0.0493677356949814,31.09532558178662,0.0,0.5629523289088982,203,14.632913321256636,2.309210979001233,200,1.6857341304421427,2.2669980172409985
6,xgboost,4059,0.962508542827271,0.9263901018610662,2.026847624642285,1.6143345844627837,-0.042099452067531344,33.67863637076722,-0.1730560962255161,0.4873185650854188,203,14.632913321256636,2.5303268980123805,200,1.6857341304421427,2.4707396971554747
6,dual_cnn,4059,0.960184966572129,0.9129023359975617,2.2047342333697713,1.7594534040988787,0.3458030447252554,36.63444732454787,-0.3879987380531629,0.39337838405647696,203,14.632913321256636,3.4824182369752736,200,1.6857341304421427,2.424680962182944
6,cnn_gru,4059,0.9597222694598567,0.9119358278217481,2.216933267166607,1.776047979690585,-0.5183662382398143,36.837149697594214,-0.40340112735616107,0.3866468056823631,203,14.632913321256636,3.90344584142056,200,1.6857341304421427,2.9470454752779403
6,cnn_gru_rollout6,4059,0.9604601435935969,0.9192831136139681,2.122438878397539,1.6966775664383804,-0.027104883892984294,35.267005933583825,-0.28631390665375656,0.4378195028048789,203,14.632913321256636,3.584528426733939,200,1.6857341304421427,2.640474900058139
12,persistence,4059,0.9347976248127293,0.8698571304620569,2.690355721024864,2.145230749385898,0.0128870360718552,44.673545648608666,-0.804337809789782,0.0,203,14.599008709192274,3.4573921794124174,203,1.6823296528309586,2.8240928260712423
12,ridge,4059,0.9633665836430886,0.9278722261253808,2.002860869323502,1.6070655202331725,-0.09962164141401052,33.25764536425352,0.0,0.44578005594389947,203,14.599008709192274,2.58107902181284,203,1.6823296528309586,2.2502562660305974
12,xgboost,4059,0.9541935483257195,0.9101236157189098,2.2357452340803405,1.7687455947887831,-0.11919416608519658,37.12470659281426,-0.24607178972865218,0.30940216240670126,203,14.599008709192274,3.128863647439212,203,1.6823296528309586,2.5945415148730655
12,dual_cnn,4059,0.9525925976523902,0.8957802773294322,2.4075453360482992,1.9212507168231285,0.3728800405394881,39.9774593487872,-0.4449319183444438,0.19918991305026834,203,14.599008709192274,3.9481071185731484,203,1.6823296528309586,2.486850475138737
12,cnn_gru,4059,0.9543585196941072,0.8991135273966264,2.368732322331296,1.902267367261688,-0.6500189234532029,39.33296653079431,-0.3987187900564637,0.22480215042468998,203,14.599008709192274,4.163120944432438,203,1.6823296528309586,2.9859355866763093
12,cnn_gru_rollout6,4059,0.9533325242649398,0.9053802095493613,2.2939846543825606,1.8376164919642295,-0.04770014284397169,38.09177625616296,-0.3118357238519214,0.27295447851599397,203,14.599008709192274,3.9650907648456784,203,1.6823296528309586,2.6555231294888624
24,persistence,4059,0.9468771510518126,0.8940330979518019,2.4297831129660605,1.9473875445067936,0.03750012781493729,40.27936234338528,-0.23661333443909283,0.0,203,14.632913321256636,2.519799906681388,201,1.6886373981833458,2.5891195936524762
24,ridge,4059,0.956404958510279,0.9143087826266543,2.184995499522342,1.7513412444779253,-0.14574139180182835,36.22143267614185,0.0,0.1913397889619367,203,14.632913321256636,2.8032356369666394,201,1.6886373981833458,2.5762975875426894
24,xgboost,4059,0.9473253848657524,0.8962767840126612,2.40392202950058,1.9186990103329795,-0.20443876149603335,39.85065414060786,-0.2104299503113598,0.021173460934423294,203,14.632913321256636,3.225437770644913,201,1.6886373981833458,2.873847290897656
24,dual_cnn,4059,0.9454215842980985,0.876591733879556,2.6221317893585763,2.087144319424224,0.47998622428372906,43.46799345673063,-0.44015069342252344,-0.164592563669671,203,14.632913321256636,4.416224062442096,201,1.6886373981833458,2.7579735495849973
24,cnn_gru,4059,0.9468153799492279,0.8786747413015445,2.599908138262735,2.0875371000657137,-0.8440039029465637,43.099584239337716,-0.4158423980587975,-0.14493541241086483,203,14.632913321256636,4.612002171315789,201,1.6886373981833458,3.3374471404490063
24,cnn_gru_rollout6,4059,0.9464679997009331,0.8915204954055695,2.4584208867630015,1.968299174994613,-0.0471601676022273,40.754100710492786,-0.2659349221495959,-0.023711201305946616,203,14.632913321256636,4.297557574834829,201,1.6886373981833458,2.8909711275658587
48,persistence,4059,0.9162606252394497,0.834210029939298,3.064762515889515,2.4179918891235492,0.06271268836491958,50.39495999520146,-0.40791895814999557,0.0,203,14.521387070417402,3.3723069876506506,201,1.6842287965118885,3.2415058954647855
48,ridge,4059,0.9401127232193819,0.8822446639410625,2.582902417957963,2.044742393543056,-0.2659094146446753,42.47156618160399,0.0,0.28973184556446396,203,14.521387070417402,3.689362927477778,201,1.6842287965118885,2.834718680122152
48,xgboost,4059,0.9242597171645641,0.84872348803245,2.927544140082265,2.30107617263784,-0.39344711170729485,48.138630337173836,-0.2846679991795431,0.08754123116035317,203,14.521387070417402,3.499208418760947,201,1.6842287965118885,3.337830831675267
48,dual_cnn,4059,0.9143756912389335,0.7841940392901635,3.496627901718838,2.824297802169157,0.7828296652944583,57.49627330393079,-0.8326639618422373,-0.3016828498782036,203,14.521387070417402,6.361259369885252,201,1.6842287965118885,3.328263500954226
48,cnn_gru,4059,0.9195528793788924,0.7932126322034747,3.4227856558179224,2.750725876527281,-1.4752678842699158,56.28205947534237,-0.7560764099303878,-0.24728515072903834,203,14.521387070417402,6.461371905627634,201,1.6842287965118885,4.168697713721771
48,cnn_gru_rollout6,4059,0.9158706876239937,0.8289877074607459,3.112657710443685,2.4773616788715054,-0.028924148087526358,51.18251740005939,-0.45226788239694704,-0.031499628576083794,203,14.521387070417402,5.7141118372076605,201,1.6842287965118885,3.3653235301226196
72,persistence,4059,0.8802352920082183,0.7644619867209542,3.6790427715639367,2.9514371898297145,0.052681192849628744,60.09566916445357,-0.5067967549454777,0.0,203,14.496983289718626,3.7266605796020342,201,1.6639423370361328,3.905473806697031
72,ridge,4059,0.9202767369999032,0.8436829569044509,2.997143235968645,2.408990089576513,-0.3863723739092364,48.95711725327011,0.0,0.33634048738299527,203,14.496983289718626,4.099438674119997,201,1.6639423370361328,3.2308285556438885
72,xgboost,4059,0.89633558108135,0.7903601040676509,3.470893601560205,2.7698637599248355,-0.5659990122414719,56.69563702726741,-0.34111989186109626,0.10995302620649483,203,14.496983289718626,3.8268513613170483,201,1.6639423370361328,3.8297446486978797
72,dual_cnn,4059,0.8803747855369026,0.6922968308217035,4.205041804662554,3.4073589001751388,0.9438970980977575,68.68764969760723,-0.9684556660287675,-0.3063843279248333,203,14.496983289718626,7.444532605569803,201,1.6639423370361328,3.829105570007039
72,cnn_gru,4059,0.8879317222950763,0.697406143571786,4.169983977067955,3.4197856903342103,-2.013579622567504,68.11499432511916,-0.9357700890187197,-0.28469223381673947,203,14.496983289718626,7.4853837592642956,201,1.6639423370361328,4.948281710960248
72,cnn_gru_rollout6,4059,0.8794714693357271,0.761646506114616,3.7009659908990242,2.9812120874367385,-0.030507721163705787,60.45377604659268,-0.5248081025924336,-0.0119534022009542,203,14.496983289718626,6.419672632738755,201,1.6639423370361328,3.8344529735289012
